event,key,timestamp,label
keydown,c,1753188047.2810647,human
keydown,i,1753188047.4063416,human
keyup,c,1753188047.424696,human
keydown,a,1753188047.5436275,human
keyup,i,1753188047.5480783,human
keydown,o,1753188047.6532087,human
keyup,a,1753188047.7056882,human
keydown,Key.space,1753188047.707749,human
keyup,o,1753188047.7909355,human
keydown,s,1753188047.826741,human
keyup,Key.space,1753188047.8559566,human
keydown,o,1753188047.9505706,human
keyup,s,1753188047.9595675,human
keydown,n,1753188048.0145185,human
keyup,o,1753188048.0695395,human
keydown,o,1753188048.1245704,human
keyup,n,1753188048.1632357,human
keydown,Key.space,1753188048.2215972,human
keyup,o,1753188048.285423,human
keydown,d,1753188048.3409948,human
keyup,Key.space,1753188048.371488,human
keyup,d,1753188048.4791415,human
keydown,n,1753188048.5132916,human
keydown,i,1753188048.576159,human
keyup,n,1753188048.6493256,human
keyup,i,1753188048.6783383,human
keydown,Key.backspace,1753188048.895998,human
keyup,Key.backspace,1753188048.986982,human
keydown,Key.backspace,1753188049.0459824,human
keydown,a,1753188049.1554554,human
keyup,Key.backspace,1753188049.169309,human
keyup,a,1753188049.2796361,human
keydown,n,1753188049.28393,human
keydown,i,1753188049.352736,human
keyup,n,1753188049.4164321,human
keydown,e,1753188049.4908605,human
keyup,i,1753188049.5012753,human
keyup,e,1753188049.6002698,human
keydown,l,1753188049.6097445,human
keydown,e,1753188049.7229505,human
keyup,l,1753188049.7550118,human
keyup,e,1753188049.8295538,human
keydown,Key.space,1753188049.8321993,human
keyup,Key.space,1753188049.9517293,human
keydown,e,1753188049.9610448,human
keyup,e,1753188050.0523603,human
keydown,Key.space,1753188050.0617344,human
keydown,s,1753188050.2047813,human
keyup,Key.space,1753188050.2179897,human
keyup,s,1753188050.33402,human
keydown,t,1753188050.4042714,human
keydown,o,1753188050.4678926,human
keyup,t,1753188050.5277965,human
keydown,Key.space,1753188050.555873,human
keyup,o,1753188050.6247287,human
keydown,f,1753188050.6514735,human
keyup,Key.space,1753188050.7209406,human
keydown,a,1753188050.7473419,human
keyup,f,1753188050.809564,human
keydown,c,1753188050.8992589,human
keyup,a,1753188050.9349604,human
keydown,e,1753188051.0272152,human
keyup,c,1753188051.0785031,human
keydown,n,1753188051.1470742,human
keyup,e,1753188051.157478,human
keydown,d,1753188051.266042,human
keyup,n,1753188051.291983,human
keydown,o,1753188051.3511505,human
keyup,d,1753188051.3791647,human
keydown,Key.space,1753188051.4198143,human
keydown,q,1753188051.5036178,human
keyup,o,1753188051.514491,human
keyup,Key.space,1753188051.5671701,human
keyup,q,1753188051.636311,human
keydown,u,1753188051.662498,human
keydown,e,1753188051.757298,human
keyup,u,1753188051.8010535,human
keydown,s,1753188051.8529437,human
keyup,e,1753188051.9221048,human
keydown,t,1753188052.0094934,human
keyup,s,1753188052.0132089,human
keydown,o,1753188052.079129,human
keyup,t,1753188052.1400917,human
keydown,Key.space,1753188052.1598024,human
keyup,o,1753188052.2173197,human
keydown,p,1753188052.2926939,human
keyup,Key.space,1753188052.3276944,human
keydown,r,1753188052.3885112,human
keyup,p,1753188052.4303331,human
keyup,r,1753188052.5170789,human
keydown,o,1753188052.5259614,human
keydown,g,1753188052.6220741,human
keyup,o,1753188052.683751,human
keydown,e,1753188052.7436535,human
keyup,g,1753188052.7783237,human
keydown,t,1753188052.8838072,human
keyup,e,1753188052.9433289,human
keyup,t,1753188052.9848256,human
keydown,t,1753188053.0253057,human
keydown,o,1753188053.04707,human
keyup,t,1753188053.1214826,human
keydown,Key.space,1753188053.130485,human
keyup,o,1753188053.1941578,human
keyup,Key.space,1753188053.2902248,human
keydown,a,1753188053.3034658,human
keydown,Key.space,1753188053.4039257,human
keyup,a,1753188053.447485,human
keydown,s,1753188053.5505233,human
keyup,Key.space,1753188053.5660605,human
keydown,c,1753188053.6829753,human
keyup,s,1753188053.701368,human
keydown,e,1753188053.7845643,human
keyup,c,1753188053.8392808,human
keydown,l,1753188053.9174817,human
keyup,e,1753188053.9397926,human
keyup,l,1753188054.06774,human
keydown,a,1753188054.0848212,human
keyup,a,1753188054.2222884,human
keydown,Key.backspace,1753188054.425325,human
keydown,t,1753188054.4804962,human
keyup,Key.backspace,1753188054.5489712,human
keydown,a,1753188054.562538,human
keyup,t,1753188054.6187246,human
keyup,a,1753188054.7275143,human
keydown,Key.space,1753188055.4427466,human
keydown,Key.shift,1753188055.566188,human
keyup,Key.space,1753188055.5752847,human
keydown,F,1753188055.6810563,human
keyup,Key.shift,1753188055.7135093,human
keyup,f,1753188055.7595975,human
keydown,r,1753188056.1011844,human
keyup,r,1753188056.2539728,human
keydown,Key.backspace,1753188056.4039428,human
keyup,Key.backspace,1753188056.491742,human
keydown,Key.backspace,1753188056.5465221,human
keyup,Key.backspace,1753188056.6655188,human
keydown,f,1753188056.669443,human
keyup,f,1753188056.7801466,human
keydown,r,1753188056.8328445,human
keydown,e,1753188056.911728,human
keyup,r,1753188056.9710958,human
keyup,e,1753188057.0026877,human
keydown,q,1753188057.0828886,human
keyup,q,1753188057.20457,human
keydown,u,1753188057.2325666,human
keyup,u,1753188057.3840659,human
keydown,e,1753188057.472584,human
keydown,n,1753188057.5543568,human
keyup,e,1753188057.6057265,human
keydown,t,1753188057.6917365,human
keyup,n,1753188057.6938088,human
keydown,o,1753188057.780278,human
keyup,t,1753188057.8059237,human
keydown,Key.space,1753188057.8436122,human
keyup,o,1753188057.9085276,human
keydown,l,1753188057.983964,human
keyup,Key.space,1753188058.0123148,human
keydown,a,1753188058.0711539,human
keyup,l,1753188058.1277514,human
keydown,Key.space,1753188058.1906152,human
keyup,a,1753188058.2098958,human
keydown,t,1753188058.3155646,human
keyup,Key.space,1753188058.3465147,human
keyup,t,1753188058.4154754,human
keydown,r,1753188058.4742055,human
keydown,i,1753188058.5496767,human
keyup,r,1753188058.6047301,human
keydown,n,1753188058.6547568,human
keydown,e,1753188058.6870065,human
keyup,i,1753188058.7251844,human
keyup,n,1753188058.8018947,human
keyup,e,1753188058.806738,human
keydown,n,1753188058.940133,human
keyup,n,1753188059.019783,human
keydown,Key.backspace,1753188059.1339943,human
keyup,Key.backspace,1753188059.2407315,human
keydown,Key.backspace,1753188059.2878647,human
keyup,Key.backspace,1753188059.3925169,human
keydown,Key.backspace,1753188059.4257529,human
keydown,e,1753188059.4993346,human
keyup,Key.backspace,1753188059.535401,human
keyup,e,1753188059.6183524,human
keydown,n,1753188059.6307297,human
keyup,n,1753188059.7271287,human
keydown,n,1753188059.7783191,human
keydown,a,1753188059.8562913,human
keyup,n,1753188059.8575726,human
keyup,a,1753188059.9714344,human
keydown,l,1753188060.0005565,human
keyup,l,1753188060.1508985,human
keydown,e,1753188060.1699557,human
keydown,Key.space,1753188060.2679152,human
keyup,e,1753188060.277513,human
keydown,i,1753188060.3774164,human
keyup,Key.space,1753188060.4080882,human
keydown,n,1753188060.4963055,human
keyup,i,1753188060.5469298,human
keydown,Key.space,1753188060.5770943,human
keyup,n,1753188060.641296,human
keydown,i,1753188060.6916277,human
keyup,Key.space,1753188060.7247508,human
keydown,n,1753188060.787103,human
keyup,i,1753188060.838009,human
keydown,f,1753188060.887879,human
keyup,n,1753188060.9163342,human
keyup,f,1753188060.99126,human
keydown,o,1753188061.0062444,human
keydown,r,1753188061.0705974,human
keyup,o,1753188061.1157947,human
keyup,r,1753188061.1710434,human
keydown,m,1753188061.1744971,human
keydown,a,1753188061.234794,human
keyup,m,1753188061.2992392,human
keydown,t,1753188061.372001,human
keyup,a,1753188061.378982,human
keydown,i,1753188061.4277067,human
keyup,t,1753188061.4590225,human
keyup,i,1753188061.550591,human
keydown,a,1753188061.6556418,human
keyup,a,1753188061.8011885,human
keydown,Key.backspace,1753188061.9243069,human
keydown,c,1753188061.9630163,human
keydown,a,1753188062.0066252,human
keyup,Key.backspace,1753188062.0343115,human
keyup,c,1753188062.0855844,human
keyup,a,1753188062.1417975,human
keydown,Key.space,1753188062.2972243,human
keydown,e,1753188062.3658335,human
keyup,Key.space,1753188062.4209287,human
keyup,e,1753188062.4690237,human
keydown,Key.space,1753188062.4831073,human
keyup,Key.space,1753188062.608151,human
keydown,s,1753188062.6866565,human
keyup,s,1753188062.8060796,human
keydown,o,1753188062.9157484,human
keydown,n,1753188063.063456,human
keyup,o,1753188063.1076787,human
keydown,o,1753188063.1859937,human
keydown,Key.space,1753188063.2029564,human
keyup,n,1753188063.2357655,human
keyup,o,1753188063.3362532,human
keydown,m,1753188063.3543508,human
keyup,Key.space,1753188063.3863463,human
keydown,o,1753188063.4139438,human
keyup,m,1753188063.489118,human
keyup,o,1753188063.5397298,human
keydown,l,1753188063.5934284,human
keydown,t,1753188063.70311,human
keyup,l,1753188063.7276196,human
keydown,o,1753188063.7965696,human
keyup,t,1753188063.7976604,human
keydown,Key.space,1753188063.8634644,human
keyup,o,1753188063.9365878,human
keydown,c,1753188063.94621,human
keyup,Key.space,1753188063.988318,human
keydown,o,1753188063.9959562,human
keyup,c,1753188064.0557246,human
keydown,n,1753188064.078312,human
keyup,o,1753188064.1476283,human
keydown,t,1753188064.1744754,human
keyup,n,1753188064.2291198,human
keydown,e,1753188064.2624905,human
keyup,t,1753188064.289038,human
keydown,n,1753188064.352749,human
keyup,e,1753188064.3919053,human
keydown,t,1753188064.458085,human
keyup,n,1753188064.4913661,human
keydown,o,1753188064.521745,human
keyup,t,1753188064.5639312,human
keydown,Key.space,1753188064.6135957,human
keyup,o,1753188064.6550336,human
keydown,p,1753188064.7325094,human
keyup,Key.space,1753188064.7617657,human
keydown,e,1753188064.8238766,human
keyup,p,1753188064.8802717,human
keydown,r,1753188064.8878195,human
keyup,e,1753188064.9665456,human
keyup,r,1753188064.9990106,human
keydown,c,1753188065.1114202,human
keydown,h,1753188065.1445825,human
keyup,c,1753188065.1710658,human
keyup,h,1753188065.274102,human
keydown,Key.shift,1753188065.3375027,human
keydown,{,1753188065.419679,human
keyup,{,1753188065.5814722,human
keydown,Key.space,1753188065.5907495,human
keyup,Key.shift,1753188065.612519,human
keyup,Key.space,1753188065.7136202,human
keydown,m,1753188065.721811,human
keydown,i,1753188065.8289855,human
keyup,m,1753188065.9188554,human
keydown,Key.space,1753188065.9227815,human
keyup,i,1753188065.988215,human
keyup,Key.space,1753188066.0927565,human
keydown,p,1753188066.3860338,human
keydown,i,1753188066.486713,human
keyup,p,1753188066.537582,human
keydown,a,1753188066.5826294,human
keyup,i,1753188066.6377573,human
keydown,c,1753188066.7157013,human
keyup,a,1753188066.7445555,human
keydown,e,1753188066.8342257,human
keyup,c,1753188066.8808148,human
keydown,r,1753188066.9786189,human
keyup,e,1753188067.0132866,human
keyup,r,1753188067.1006432,human
keydown,Key.space,1753188067.133882,human
keyup,Key.space,1753188067.2766707,human
keydown,p,1753188067.3080935,human
keyup,p,1753188067.4339166,human
keydown,Key.backspace,1753188067.5436828,human
keyup,Key.backspace,1753188067.6477175,human
keydown,Key.backspace,1753188067.6967447,human
keyup,Key.backspace,1753188067.81184,human
keydown,Key.backspace,1753188067.8506868,human
keydown,Key.space,1753188067.9142876,human
keyup,Key.backspace,1753188067.9828813,human
keydown,p,1753188068.0731604,human
keyup,Key.space,1753188068.0890825,human
keydown,r,1753188068.2076268,human
keyup,p,1753188068.2115805,human
keydown,o,1753188068.2837038,human
keyup,r,1753188068.3170815,human
keydown,g,1753188068.3800445,human
keyup,o,1753188068.4494495,human
keyup,g,1753188068.476523,human
keydown,r,1753188068.5486004,human
keydown,a,1753188068.6249883,human
keyup,r,1753188068.6675282,human
keydown,m,1753188068.7132497,human
keyup,a,1753188068.739925,human
keyup,m,1753188068.8236935,human
keydown,m,1753188068.8656876,human
keydown,a,1753188068.9075186,human
keyup,m,1753188068.9950626,human
keyup,a,1753188069.0315633,human
keydown,r,1753188069.0403707,human
keydown,e,1753188069.1407676,human
keyup,r,1753188069.1884286,human
keydown,Key.space,1753188069.250032,human
keyup,e,1753188069.2886515,human
keyup,Key.space,1753188069.3694618,human
keydown,e,1753188069.4142485,human
keydown,Key.space,1753188069.5200448,human
keyup,e,1753188069.5425336,human
keyup,Key.space,1753188069.6799343,human
keydown,p,1753188069.825758,human
keyup,p,1753188069.9081688,human
keydown,e,1753188070.1608484,human
keydown,n,1753188070.2461278,human
keyup,e,1753188070.2607927,human
keydown,s,1753188070.3605087,human
keyup,n,1753188070.3741488,human
keydown,a,1753188070.4334707,human
keyup,s,1753188070.4988198,human
keydown,r,1753188070.576747,human
keyup,a,1753188070.5804405,human
keydown,e,1753188070.645939,human
keyup,r,1753188070.7104874,human
keydown,Key.space,1753188070.758817,human
keyup,e,1753188070.7859056,human
keydown,a,1753188070.8497844,human
keyup,Key.space,1753188070.8744318,human
keydown,Key.space,1753188070.9688704,human
keyup,a,1753188070.9970505,human
keyup,Key.space,1753188071.1256049,human
keydown,q,1753188071.1283643,human
keyup,q,1753188071.241207,human
keydown,Key.backspace,1753188071.571462,human
keyup,Key.backspace,1753188071.7178252,human
keydown,p,1753188072.242786,human
keyup,p,1753188072.39969,human
keydown,r,1753188072.4211993,human
keydown,o,1753188072.4633982,human
keyup,r,1753188072.4787931,human
keyup,o,1753188072.5999022,human
keydown,g,1753188072.717695,human
keydown,e,1753188072.8278866,human
keyup,g,1753188072.850873,human
keydown,t,1753188072.9608655,human
keyup,e,1753188073.015535,human
keyup,t,1753188073.0548365,human
keydown,t,1753188073.0982137,human
keydown,i,1753188073.1535158,human
keyup,t,1753188073.2078593,human
keydown,Key.space,1753188073.2584212,human
keyup,i,1753188073.3133395,human
keydown,f,1753188073.3318884,human
keyup,Key.space,1753188073.4277067,human
keyup,f,1753188073.4616442,human
keydown,u,1753188073.481446,human
keydown,t,1753188073.585825,human
keyup,u,1753188073.629835,human
keyup,t,1753188073.6934183,human
keydown,u,1753188073.7049024,human
keydown,r,1753188073.7735577,human
keyup,u,1753188073.7828176,human
keydown,i,1753188073.9014025,human
keyup,r,1753188073.907253,human
keydown,Key.space,1753188074.006834,human
keyup,i,1753188074.058525,human
keydown,t,1753188074.125947,human
keyup,Key.space,1753188074.154895,human
keyup,t,1753188074.240627,human
keydown,i,1753188074.4418254,human
keyup,i,1753188074.5776255,human
keydown,Key.backspace,1753188074.7492335,human
keyup,Key.backspace,1753188074.8594682,human
keydown,Key.backspace,1753188074.9015224,human
keydown,c,1753188075.0022182,human
keyup,Key.backspace,1753188075.020939,human
keydown,o,1753188075.090189,human
keyup,c,1753188075.1054666,human
keydown,m,1753188075.1991508,human
keydown,e,1753188075.2405756,human
keyup,o,1753188075.2652519,human
keyup,m,1753188075.3183985,human
keyup,e,1753188075.3745534,human
keydown,Key.space,1753188075.4031427,human
keydown,i,1753188075.482644,human
keyup,Key.space,1753188075.532877,human
keydown,l,1753188075.5854247,human
keyup,i,1753188075.662091,human
keydown,Key.space,1753188075.6632185,human
keyup,l,1753188075.732261,human
keydown,m,1753188075.774403,human
keyup,Key.space,1753188075.7752514,human
keydown,a,1753188075.883158,human
keyup,m,1753188075.9085088,human
keydown,c,1753188075.9657466,human
keyup,a,1753188076.0021317,human
keydown,h,1753188076.0295177,human
keyup,c,1753188076.0719645,human
keydown,i,1753188076.1122122,human
keyup,h,1753188076.1487286,human
keydown,n,1753188076.2080312,human
keyup,i,1753188076.2499971,human
keydown,e,1753188076.3056393,human
keyup,n,1753188076.3460302,human
keydown,Key.space,1753188076.4003441,human
keyup,e,1753188076.4052384,human
keydown,l,1753188076.49412,human
keydown,e,1753188076.6027646,human
keyup,Key.space,1753188076.6292026,human
keyup,l,1753188076.6937473,human
keydown,a,1753188076.7218816,human
keydown,r,1753188076.8258631,human
keyup,e,1753188076.845108,human
keydown,n,1753188076.8944457,human
keyup,a,1753188076.9041708,human
keyup,r,1753188076.9638503,human
keydown,i,1753188076.9721048,human
keyup,n,1753188077.0454903,human
keydown,n,1753188077.109234,human
keyup,i,1753188077.1388702,human
keydown,g,1753188077.2240055,human
keyup,n,1753188077.2329676,human
keyup,g,1753188077.335788,human
keydown,Key.space,1753188077.5356019,human
keyup,Key.space,1753188077.6938677,human
keydown,i,1753188078.2584038,human
keyup,i,1753188078.4185407,human
keydown,Key.space,1753188078.4607067,human
keyup,Key.space,1753188078.5957696,human
keydown,w,1753188079.1547298,human
keydown,a,1753188079.2834635,human
keyup,w,1753188079.3152676,human
keydown,n,1753188079.3835416,human
keyup,a,1753188079.452304,human
keydown,t,1753188079.4838321,human
keyup,n,1753188079.5315518,human
keydown,Key.space,1753188079.6131027,human
keyup,t,1753188079.6175897,human
keyup,Key.space,1753188079.7689292,human
keydown,t,1753188079.842308,human
keydown,o,1753188079.8983376,human
keyup,t,1753188079.9800823,human
keydown,Key.space,1753188080.017005,human
keyup,o,1753188080.117502,human
keyup,Key.space,1753188080.2113466,human
keydown,f,1753188080.2711158,human
keydown,i,1753188080.3407307,human
keyup,f,1753188080.4039586,human
keydown,n,1753188080.4442089,human
keyup,i,1753188080.4534776,human
keydown,i,1753188080.494537,human
keyup,n,1753188080.5541801,human
keydown,s,1753188080.5995018,human
keyup,i,1753188080.6517386,human
keydown,h,1753188080.6880748,human
keyup,s,1753188080.7420363,human
keyup,h,1753188080.8262432,human
keydown,Key.space,1753188080.8409495,human
keyup,Key.space,1753188080.9695346,human
keydown,t,1753188081.133746,human
keydown,h,1753188081.2030354,human
keyup,t,1753188081.2242973,human
keydown,i,1753188081.2935688,human
keyup,h,1753188081.335567,human
keydown,s,1753188081.3573074,human
keyup,i,1753188081.4506655,human
keydown,Key.space,1753188081.4758496,human
keyup,s,1753188081.4813652,human
keydown,p,1753188081.5672824,human
keyup,Key.space,1753188081.6327207,human
keydown,r,1753188081.6796114,human
keyup,p,1753188081.6922715,human
keydown,o,1753188081.7552485,human
keyup,r,1753188081.7887843,human
keyup,o,1753188081.8883662,human
keydown,j,1753188081.9271803,human
keyup,j,1753188082.1011748,human
keydown,e,1753188082.1276543,human
keydown,c,1753188082.2342763,human
keyup,e,1753188082.2793398,human
keyup,c,1753188082.347921,human
keydown,t,1753188082.4324505,human
keyup,t,1753188082.5327299,human
keydown,Key.space,1753188082.5375974,human
keyup,Key.space,1753188082.6999927,human
keydown,i,1753188082.9003994,human
keydown,n,1753188082.9825664,human
keydown,Key.space,1753188083.0617726,human
keyup,i,1753188083.0622585,human
keyup,n,1753188083.1271162,human
keyup,Key.space,1753188083.1956968,human
keydown,o,1753188083.3208013,human
keydown,r,1753188083.4082234,human
keyup,o,1753188083.5039294,human
keyup,r,1753188083.514364,human
keydown,d,1753188083.6322021,human
keydown,e,1753188083.7429674,human
keyup,d,1753188083.801898,human
keydown,r,1753188083.8701036,human
keydown,Key.space,1753188083.9020662,human
keyup,e,1753188083.934758,human
keyup,r,1753188083.9852362,human
keydown,t,1753188084.0588665,human
keyup,Key.space,1753188084.069055,human
keydown,o,1753188084.10349,human
keyup,t,1753188084.168574,human
keydown,Key.space,1753188084.1993241,human
keyup,o,1753188084.2731853,human
keyup,Key.space,1753188084.3569498,human
keydown,e,1753188084.9316218,human
keyup,e,1753188085.054336,human
keydown,x,1753188085.2550082,human
keyup,x,1753188085.387945,human
keydown,a,1753188085.4410617,human
keyup,a,1753188085.584928,human
keydown,m,1753188085.8774142,human
keyup,m,1753188086.0027893,human
keydown,p,1753188086.0322077,human
keydown,l,1753188086.131231,human
keyup,p,1753188086.2111032,human
keydown,e,1753188086.2460327,human
keyup,l,1753188086.2741773,human
keyup,e,1753188086.3557558,human
keydown,Key.space,1753188086.3600721,human
keyup,Key.space,1753188086.50881,human
keydown,t,1753188086.5115883,human
keyup,t,1753188086.6575997,human
keydown,o,1753188086.661685,human
keyup,o,1753188086.8267193,human
keydown,Key.space,1753188086.9019954,human
keyup,Key.space,1753188087.0575805,human
keydown,s,1753188087.1225827,human
keyup,s,1753188087.286333,human
keydown,j,1753188087.3252633,human
keyup,j,1753188087.5323312,human
keydown,s,1753188087.5735898,human
keyup,s,1753188087.6925793,human
keydown,Key.space,1753188087.7714345,human
keyup,Key.space,1753188087.9415812,human
keydown,Key.backspace,1753188088.1310027,human
keyup,Key.backspace,1753188088.3828719,human
keydown,Key.backspace,1753188088.443522,human
keyup,Key.backspace,1753188088.540968,human
keydown,Key.backspace,1753188088.5865934,human
keyup,Key.backspace,1753188088.705936,human
keydown,y,1753188088.8823104,human
keyup,y,1753188088.9924395,human
keydown,s,1753188089.9487112,human
keyup,s,1753188090.0487068,human
keydown,t,1753188090.0975652,human
keydown,e,1753188090.151424,human
keyup,t,1753188090.245804,human
keydown,m,1753188090.2801247,human
keyup,e,1753188090.3124766,human
keydown,Key.space,1753188090.4150326,human
keyup,m,1753188090.4277875,human
keyup,Key.space,1753188090.568937,human
keydown,l,1753188090.815556,human
keydown,a,1753188090.9469297,human
keyup,l,1753188090.9807317,human
keyup,a,1753188091.0902739,human
keydown,Key.space,1753188091.3725426,human
keyup,Key.space,1753188091.515875,human
keydown,Key.backspace,1753188091.6046576,human
keyup,Key.backspace,1753188091.6975107,human
keydown,b,1753188091.7805936,human
keyup,b,1753188091.8928363,human
keydown,e,1753188091.9122384,human
keydown,l,1753188092.0081031,human
keyup,e,1753188092.031866,human
keydown,Key.space,1753188092.1414866,human
keyup,l,1753188092.201743,human
keyup,Key.space,1753188092.324876,human
keydown,h,1753188092.9608362,human
keyup,h,1753188093.144722,human
keydown,i,1753188093.3449838,human
keyup,i,1753188093.5149167,human
keydown,g,1753188093.5530164,human
keydown,h,1753188093.682075,human
keyup,g,1753188093.6976955,human
keyup,h,1753188093.801332,human
keydown,Key.space,1753188093.816824,human
keydown,t,1753188093.94644,human
keyup,Key.space,1753188093.966978,human
keydown,e,1753188094.0056875,human
keyup,t,1753188094.056551,human
keyup,e,1753188094.1598277,human
keydown,c,1753188094.1881142,human
keydown,h,1753188094.2540064,human
keyup,c,1753188094.3146083,human
keydown,Key.space,1753188094.3667014,human
keyup,h,1753188094.3862534,human
keyup,Key.space,1753188094.552113,human
keydown,c,1753188094.7757335,human
keyup,c,1753188094.9040084,human
keydown,y,1753188095.0373168,human
keydown,b,1753188095.179065,human
keyup,y,1753188095.2024364,human
keydown,e,1753188095.3261404,human
keyup,b,1753188095.3397553,human
keydown,r,1753188095.4046295,human
keyup,e,1753188095.4677317,human
keyup,r,1753188095.4992461,human
keydown,c,1753188095.6267166,human
keyup,c,1753188095.7231467,human
keydown,e,1753188095.9322798,human
keyup,e,1753188096.0247009,human
keydown,Key.backspace,1753188096.1329691,human
keyup,Key.backspace,1753188096.2436864,human
keydown,Key.backspace,1753188096.2742305,human
keydown,s,1753188096.3246849,human
keyup,s,1753188096.4268043,human
keyup,Key.backspace,1753188096.4367285,human
keydown,e,1753188096.4799428,human
keydown,c,1753188096.6084254,human
keyup,e,1753188096.6493726,human
keydown,u,1753188096.7047875,human
keyup,c,1753188096.7281923,human
keyup,u,1753188096.8370414,human
keydown,r,1753188097.1700754,human
keydown,i,1753188097.2892375,human
keyup,r,1753188097.3195386,human
keydown,t,1753188097.4402623,human
keyup,i,1753188097.4545052,human
keyup,t,1753188097.560599,human
keydown,y,1753188097.6583138,human
keyup,y,1753188097.8462777,human
keydown,Key.space,1753188097.9262097,human
keyup,Key.space,1753188098.0591798,human
keydown,i,1753188098.2285132,human
keydown,n,1753188098.4000072,human
keyup,i,1753188098.4307108,human
keydown,Key.space,1753188098.518624,human
keyup,n,1753188098.5592766,human
keyup,Key.space,1753188098.6416261,human
keydown,m,1753188098.9212234,human
keydown,o,1753188098.9807255,human
keyup,m,1753188099.0649118,human
keydown,d,1753188099.1140554,human
keyup,o,1753188099.164903,human
keydown,e,1753188099.2232656,human
keyup,d,1753188099.278587,human
keydown,Key.space,1753188099.2965508,human
keyup,e,1753188099.36274,human
keydown,l,1753188099.4809747,human
keyup,Key.space,1753188099.4823108,human
keyup,l,1753188099.613639,human
keydown,o,1753188099.6805842,human
keyup,o,1753188099.864195,human
keydown,s,1753188099.9779882,human
keyup,s,1753188100.1300426,human
keydown,Key.space,1753188100.3042886,human
keyup,Key.space,1753188100.4648454,human
keydown,a,1753188101.200739,human
keyup,a,1753188101.3362908,human
keydown,l,1753188101.337763,human
keydown,a,1753188101.445035,human
keyup,l,1753188101.485575,human
keyup,a,1753188101.5681033,human
keydown,m,1753188101.5938263,human
keydown,o,1753188101.7026675,human
keyup,m,1753188101.7572367,human
keydown,s,1753188101.8415163,human
keyup,o,1753188101.877023,human
keyup,s,1753188101.9773152,human
keydown,Key.space,1753188101.9910698,human
keyup,Key.space,1753188102.110596,human
keydown,t,1753188102.2786548,human
keyup,t,1753188102.4261906,human
keydown,e,1753188102.639186,human
keyup,e,1753188102.8077943,human
keydown,Key.backspace,1753188103.1007354,human
keyup,Key.backspace,1753188103.243138,human
keydown,w,1753188103.3792953,human
keyup,w,1753188103.5141087,human
keydown,Key.backspace,1753188103.680017,human
keyup,Key.backspace,1753188103.8262372,human
keydown,h,1753188103.9154987,human
keydown,e,1753188103.9691172,human
keyup,h,1753188104.0381582,human
keyup,e,1753188104.1437435,human
keydown,Key.space,1753188104.1833477,human
keyup,Key.space,1753188104.3415208,human
keydown,c,1753188105.0167918,human
keydown,i,1753188105.0851548,human
keyup,c,1753188105.10869,human
keyup,i,1753188105.2278883,human
keydown,a,1753188105.3069572,human
keydown,o,1753188105.402006,human
keyup,a,1753188105.4628532,human
keydown,Key.space,1753188105.5075405,human
keyup,o,1753188105.5770628,human
keyup,Key.space,1753188105.673963,human
keydown,s,1753188105.7812142,human
keydown,o,1753188105.840641,human
keyup,s,1753188105.9050035,human
keydown,n,1753188105.9417195,human
keyup,o,1753188105.9878457,human
keydown,o,1753188106.028455,human
keydown,Key.space,1753188106.0706396,human
keyup,n,1753188106.0879843,human
keyup,o,1753188106.1619613,human
keyup,Key.space,1753188106.235778,human
keydown,t,1753188107.2371078,human
keyup,t,1753188107.3468487,human
keydown,r,1753188107.410748,human
keydown,e,1753188107.5255384,human
keyup,r,1753188107.5989475,human
keyup,e,1753188107.6644092,human
keydown,e,1753188107.7074888,human
keyup,e,1753188107.8363433,human
keydown,Key.space,1753188107.8420167,human
keyup,Key.space,1753188108.0116222,human
keydown,m,1753188108.8078687,human
keyup,m,1753188108.954294,human
keydown,e,1753188109.1985738,human
keyup,e,1753188109.3198848,human
keydown,l,1753188109.420299,human
keydown,a,1753188109.5530138,human
keyup,l,1753188109.5720468,human
keydown,Key.space,1753188109.6320283,human
keyup,a,1753188109.6681747,human
keyup,Key.space,1753188109.7572436,human
keydown,a,1753188109.7876997,human
keydown,p,1753188109.898052,human
keyup,a,1753188109.920887,human
keyup,p,1753188109.985158,human
keydown,p,1753188110.045738,human
keydown,l,1753188110.1462352,human
keyup,p,1753188110.193923,human
keydown,e,1753188110.23746,human
keyup,l,1753188110.2790322,human
keydown,Key.space,1753188110.3381038,human
keyup,e,1753188110.3568084,human
keyup,Key.space,1753188110.5122716,human
keydown,c,1753188111.0518813,human
keydown,a,1753188111.1481917,human
keyup,c,1753188111.1991057,human
keyup,a,1753188111.2810612,human
keydown,r,1753188111.3080823,human
keyup,r,1753188111.3992074,human
keydown,r,1753188111.4632142,human
keydown,o,1753188111.4835243,human
keyup,r,1753188111.5391107,human
keydown,t,1753188111.621867,human
keyup,o,1753188111.632069,human
keydown,a,1753188111.6910903,human
keyup,t,1753188111.7359776,human
keydown,Key.space,1753188111.7723684,human
keyup,a,1753188111.7956877,human
keyup,Key.space,1753188111.8965771,human
keydown,Key.backspace,1753188112.4462261,human
keyup,Key.backspace,1753188112.514981,human
keydown,Key.backspace,1753188112.7333124,human
keyup,Key.backspace,1753188112.8481166,human
keydown,Key.backspace,1753188112.9052856,human
keyup,Key.backspace,1753188113.0147588,human
keydown,Key.backspace,1753188113.056169,human
keyup,Key.backspace,1753188113.1937454,human
keydown,Key.backspace,1753188113.3545277,human
keyup,Key.backspace,1753188113.5014787,human
keydown,o,1753188113.629616,human
keyup,o,1753188113.7982905,human
keydown,t,1753188113.8042133,human
keydown,a,1753188113.853615,human
keyup,t,1753188113.899286,human
keydown,Key.space,1753188113.9865296,human
keyup,a,1753188114.0020587,human
keyup,Key.space,1753188114.1373558,human
keydown,y,1753188115.441796,human
keydown,o,1753188115.5426538,human
keyup,y,1753188115.603346,human
keyup,o,1753188115.6988537,human
keydown,t,1753188115.7021515,human
keyup,t,1753188115.83149,human
keydown,Key.backspace,1753188116.2284722,human
keyup,Key.backspace,1753188116.3624828,human
keydown,u,1753188116.398588,human
keyup,u,1753188116.5424771,human
keydown,u,1753188116.6154373,human
keyup,u,1753188116.7006333,human
keydown,Key.backspace,1753188116.8493135,human
keydown,t,1753188116.9640734,human
keyup,Key.backspace,1753188116.9824727,human
keydown,u,1753188117.0786028,human
keyup,t,1753188117.0977912,human
keyup,u,1753188117.2069023,human
keydown,b,1753188117.287057,human
keydown,e,1753188117.378729,human
keyup,b,1753188117.4071877,human
keydown,Key.space,1753188117.4798381,human
keyup,e,1753188117.5037277,human
keydown,c,1753188117.6218472,human
keyup,Key.space,1753188117.6257362,human
keydown,i,1753188117.7453604,human
keyup,c,1753188117.7619472,human
keydown,a,1753188117.8457787,human
keyup,i,1753188117.8706977,human
keydown,o,1753188117.923225,human
keyup,a,1753188117.9738479,human
keydown,Key.space,1753188118.0192826,human
keyup,o,1753188118.0797315,human
keyup,Key.space,1753188118.1682727,human
keydown,l,1753188118.1709757,human
keydown,a,1753188118.3167658,human
keyup,l,1753188118.3262515,human
keydown,u,1753188118.431338,human
keyup,a,1753188118.4342551,human
keydown,r,1753188118.5683517,human
keyup,u,1753188118.5697565,human
keydown,a,1753188118.67869,human
keyup,r,1753188118.703326,human
keydown,Key.space,1753188118.82172,human
keyup,a,1753188118.8346934,human
keyup,Key.space,1753188118.9808998,human
keydown,y,1753188119.5950735,human
keyup,y,1753188119.7350771,human
keydown,o,1753188119.7932782,human
keydown,u,1753188119.8831084,human
keyup,o,1753188119.952715,human
keyup,u,1753188120.0162077,human
keydown,n,1753188120.0720906,human
keydown,e,1753188120.1698837,human
keyup,n,1753188120.2302146,human
keyup,e,1753188120.2644095,human
keydown,s,1753188120.350217,human
keyup,s,1753188120.4666846,human
keydown,s,1753188120.4741042,human
keyup,s,1753188120.607164,human
keydown,s,1753188120.6654336,human
keyup,s,1753188120.775303,human
keydown,Key.space,1753188120.7946734,human
keyup,Key.space,1753188120.9346848,human
keydown,Key.backspace,1753188121.1216269,human
keyup,Key.backspace,1753188121.2313027,human
keydown,Key.backspace,1753188121.2812376,human
keyup,Key.backspace,1753188121.3905892,human
keydown,Key.space,1753188121.5977554,human
keyup,Key.space,1753188121.7307584,human
keydown,f,1753188121.7854965,human
keydown,i,1753188121.8495307,human
keyup,f,1753188121.9101493,human
keydown,l,1753188121.931854,human
keyup,i,1753188121.9785652,human
keydown,i,1753188122.0555294,human
keyup,l,1753188122.1035955,human
keyup,i,1753188122.1723022,human
keydown,p,1753188122.1798918,human
keyup,p,1753188122.2855737,human
keydown,p,1753188122.3411918,human
keydown,o,1753188122.4324105,human
keyup,p,1753188122.4812741,human
keydown,Key.space,1753188122.506046,human
keyup,o,1753188122.5752008,human
keyup,Key.space,1753188122.6691496,human
keydown,a,1753188122.9516306,human
keyup,a,1753188123.025647,human
keydown,u,1753188123.0691898,human
keyup,u,1753188123.1846673,human
keydown,Key.backspace,1753188123.3087375,human
keyup,Key.backspace,1753188123.3930507,human
keydown,Key.backspace,1753188123.4421108,human
keyup,Key.backspace,1753188123.5345354,human
keydown,u,1753188123.5723126,human
keydown,s,1753188123.6818924,human
keyup,u,1753188123.6846366,human
keydown,c,1753188123.719599,human
keyup,s,1753188123.7700624,human
keydown,i,1753188123.796716,human
keyup,c,1753188123.8585036,human
keyup,i,1753188123.933905,human
keydown,r,1753188123.9434478,human
keydown,e,1753188124.0169103,human
keyup,r,1753188124.0873008,human
keydown,Key.space,1753188124.1126225,human
keyup,e,1753188124.1216044,human
keydown,s,1753188124.2366204,human
keyup,Key.space,1753188124.2561743,human
keydown,p,1753188124.3367155,human
keyup,s,1753188124.3885918,human
keydown,r,1753188124.4604785,human
keyup,p,1753188124.4888546,human
keyup,r,1753188124.5339763,human
keydown,t,1753188124.5983043,human
keydown,i,1753188124.6663008,human
keyup,t,1753188124.7079613,human
keyup,i,1753188124.814291,human
keydown,z,1753188124.9276874,human
keyup,z,1753188125.0892203,human
keydown,Key.backspace,1753188125.227519,human
keyup,Key.backspace,1753188125.3568172,human
keydown,Key.backspace,1753188125.396144,human
keyup,Key.backspace,1753188125.4967103,human
keydown,Key.backspace,1753188125.5345626,human
keyup,Key.backspace,1753188125.6636672,human
keydown,i,1753188125.7541597,human
keyup,i,1753188125.9281874,human
keydown,t,1753188126.2142818,human
keyup,t,1753188126.3292575,human
keydown,z,1753188126.544257,human
keyup,z,1753188126.6776483,human
keydown,Key.space,1753188126.8860357,human
keyup,Key.space,1753188127.0566466,human
keydown,s,1753188127.4632685,human
keyup,s,1753188127.5686755,human
keydown,Key.backspace,1753188128.1634479,human
keydown,e,1753188128.2767584,human
keyup,Key.backspace,1753188128.3179777,human
keydown,Key.space,1753188128.3959396,human
keyup,e,1753188128.3972242,human
keyup,Key.space,1753188128.5617316,human
keydown,s,1753188128.6020691,human
keyup,s,1753188128.7304866,human
keydown,Key.backspace,1753188129.1407223,human
keyup,Key.backspace,1753188129.284686,human
keydown,a,1753188129.3383367,human
keydown,n,1753188129.4485698,human
keyup,a,1753188129.476458,human
keyup,n,1753188129.5532873,human
keydown,c,1753188129.5622041,human
keydown,h,1753188129.635141,human
keyup,c,1753188129.6815617,human
keyup,h,1753188129.7201152,human
keydown,e,1753188129.7412944,human
keyup,e,1753188129.86077,human
keydown,Key.space,1753188129.88373,human
keyup,Key.space,1753188130.0372372,human
keydown,d,1753188130.5339386,human
keydown,u,1753188130.613035,human
keyup,d,1753188130.6954815,human
keydown,e,1753188130.7350597,human
keyup,u,1753188130.7511766,human
keydown,Key.space,1753188130.8316607,human
keyup,e,1753188130.8611984,human
keyup,Key.space,1753188130.9889672,human
keydown,m,1753188131.4651465,human
keydown,a,1753188131.6011257,human
keyup,m,1753188131.6109946,human
keyup,a,1753188131.6544533,human
keydown,a,1753188131.7571008,human
keydown,i,1753188131.8624895,human
keyup,a,1753188131.9079363,human
keyup,i,1753188131.992049,human
keydown,a,1753188132.1304367,human
keyup,a,1753188132.2155082,human
keydown,Key.backspace,1753188132.3126278,human
keyup,Key.backspace,1753188132.413026,human
keydown,Key.backspace,1753188132.4631042,human
keyup,Key.backspace,1753188132.5660799,human
keydown,Key.backspace,1753188132.6019504,human
keydown,i,1753188132.7350638,human
keyup,Key.backspace,1753188132.738726,human
keydown,a,1753188132.8163507,human
keyup,i,1753188132.848986,human
keydown,l,1753188132.8950522,human
keyup,a,1753188132.9547448,human
keydown,i,1753188133.0139422,human
keyup,l,1753188133.0871444,human
keyup,i,1753188133.155803,human
keydown,Key.space,1753188133.2251225,human
keyup,Key.space,1753188133.3902004,human
keydown,c,1753188133.4136572,human
keydown,h,1753188133.5322046,human
keyup,c,1753188133.5417356,human
keydown,e,1753188133.623501,human
keyup,h,1753188133.632579,human
keydown,Key.space,1753188133.7514544,human
keyup,e,1753188133.760863,human
keyup,Key.space,1753188133.9049134,human
keydown,s,1753188133.919695,human
keyup,s,1753188134.0144722,human
keydown,u,1753188134.2070491,human
keyup,u,1753188134.353596,human
keydown,c,1753188134.5801334,human
keyup,c,1753188134.6934571,human
keydown,c,1753188134.7302027,human
keyup,c,1753188134.8412397,human
keydown,e,1753188134.8439357,human
keydown,d,1753188135.0100741,human
keyup,e,1753188135.0509586,human
keydown,e,1753188135.0971932,human
keyup,d,1753188135.1160543,human
keyup,e,1753188135.2798808,human
keydown,Key.space,1753188135.572074,human
keyup,Key.space,1753188135.7516325,human
keydown,Key.ctrl,1753188136.2074666,human
keydown,Key.backspace,1753188136.3394885,human
keyup,Key.backspace,1753188136.4681962,human
keyup,Key.ctrl,1753188136.5148282,human
keydown,s,1753188136.6527512,human
keydown,9,1753188136.8086748,human
keyup,s,1753188136.836202,human
keyup,9,1753188136.9643533,human
keydown,c,1753188136.9998367,human
keyup,c,1753188137.1297085,human
keydown,c,1753188137.1650488,human
keydown,e,1753188137.3482034,human
keyup,c,1753188137.3504753,human
keydown,d,1753188137.5225227,human
keyup,e,1753188137.5748858,human
keydown,e,1753188137.6847384,human
keyup,d,1753188137.7446146,human
keyup,e,1753188137.8200052,human
keydown,m,1753188137.840175,human
keyup,m,1753188137.9557137,human
keydown,Key.backspace,1753188141.7494042,human
keyup,Key.backspace,1753188141.8695412,human
keydown,s,1753188142.0513413,human
keyup,s,1753188142.1857111,human
keydown,u,1753188142.4400244,human
keyup,u,1753188142.61242,human
keydown,c,1753188142.6280017,human
keyup,c,1753188142.742718,human
keydown,c,1753188142.8011498,human
keydown,e,1753188142.9657013,human
keyup,c,1753188142.975161,human
keyup,e,1753188143.1722217,human
keydown,d,1753188143.1916528,human
keydown,e,1753188143.373432,human
keyup,d,1753188143.442269,human
keyup,e,1753188143.525456,human
keydown,Key.space,1753188143.5407257,human
keyup,Key.space,1753188143.7107556,human
keydown,a,1753188144.2587318,human
keydown,l,1753188144.4415224,human
keyup,a,1753188144.4678419,human
keyup,l,1753188144.6758661,human
keydown,Key.space,1753188145.1425536,human
keyup,Key.space,1753188145.2937078,human
keydown,m,1753188145.4648778,human
keydown,a,1753188145.5980885,human
keyup,m,1753188145.611991,human
keydown,l,1753188145.716147,human
keyup,a,1753188145.737222,human
keyup,l,1753188145.8405623,human
keydown,Key.backspace,1753188146.057795,human
keydown,r,1753188146.0936382,human
keydown,e,1753188146.1390634,human
keyup,Key.backspace,1753188146.1578696,human
keyup,r,1753188146.236725,human
keyup,e,1753188146.267593,human
keydown,Key.space,1753188146.2726216,human
keyup,Key.space,1753188146.414692,human
keydown,a,1753188146.5697055,human
keydown,Key.space,1753188146.6547177,human
keyup,a,1753188146.7053008,human
keyup,Key.space,1753188146.7924724,human
keydown,c,1753188146.8100805,human
keydown,a,1753188146.861311,human
keyup,c,1753188146.930506,human
keyup,a,1753188147.0072076,human
keydown,l,1753188147.0859694,human
keydown,a,1753188147.2242222,human
keyup,l,1753188147.250463,human
keydown,m,1753188147.3243153,human
keyup,a,1753188147.3438513,human
keyup,m,1753188147.4478915,human
keydown,n,1753188147.5712802,human
keyup,n,1753188147.6224835,human
keydown,Key.num_lock,1753188147.883503,human
keyup,Key.num_lock,1753188147.9777503,human
keydown,r,1753188148.203418,human
keyup,r,1753188148.2993627,human
keydown,Key.backspace,1753188148.4315171,human
keyup,Key.backspace,1753188148.578315,human
keydown,Key.num_lock,1753188148.7826614,human
keyup,Key.num_lock,1753188148.861487,human
keydown,Key.backspace,1753188148.886546,human
keyup,Key.backspace,1753188148.983725,human
keydown,Key.backspace,1753188149.0530372,human
keyup,Key.backspace,1753188149.1847847,human
keydown,m,1753188149.57875,human
keyup,m,1753188149.7378414,human
keydown,b,1753188149.8400788,human
keydown,r,1753188149.9821367,human
keyup,b,1753188150.0015562,human
keydown,o,1753188150.0919235,human
keyup,r,1753188150.1212518,human
keydown,n,1753188150.2204297,human
keyup,o,1753188150.2841861,human
keydown,e,1753188150.362013,human
keyup,n,1753188150.3811145,human
keydown,Key.space,1753188150.5084147,human
keyup,e,1753188150.5177295,human
keyup,Key.space,1753188150.6790857,human
keydown,l,1753188152.3813462,human
keyup,l,1753188152.8343074,human
keydown,e,1753188153.0894089,human
keyup,e,1753188153.2408724,human
keydown,Key.space,1753188153.3836472,human
keyup,Key.space,1753188153.5670397,human
keydown,t,1753188154.017976,human
keyup,t,1753188154.1630096,human
keydown,Key.backspace,1753188154.322627,human
keydown,d,1753188154.446485,human
keyup,Key.backspace,1753188154.4489121,human
keydown,u,1753188154.5376592,human
keyup,d,1753188154.5792282,human
keydown,e,1753188154.6161633,human
keyup,u,1753188154.6536555,human
keyup,e,1753188154.7321172,human
keydown,Key.space,1753188154.7352965,human
keyup,Key.space,1753188154.851787,human
keydown,s,1753188155.5322266,human
keyup,s,1753188155.6652195,human
keydown,e,1753188155.7488084,human
keydown,d,1753188155.8274832,human
keyup,e,1753188155.8824477,human
keydown,i,1753188155.9094477,human
keyup,d,1753188155.9430172,human
keydown,e,1753188156.0325058,human
keyup,i,1753188156.0562406,human
keydown,Key.space,1753188156.111002,human
keyup,e,1753188156.149239,human
keydown,s,1753188156.2254276,human
keyup,Key.space,1753188156.2529087,human
keydown,o,1753188156.2712424,human
keyup,s,1753188156.3587968,human
keydown,n,1753188156.3675811,human
keyup,o,1753188156.4186323,human
keydown,Key.space,1753188156.4777083,human
keyup,n,1753188156.537278,human
keyup,Key.space,1753188156.5760527,human
keydown,b,1753188156.6259809,human
keyup,b,1753188156.7780561,human
keydown,l,1753188156.8450904,human
keydown,u,1753188157.0273633,human
keyup,l,1753188157.0286498,human
keydown,Key.space,1753188157.1876588,human
keyup,u,1753188157.231804,human
keydown,e,1753188157.3438764,human
keyup,Key.space,1753188157.353705,human
keydown,Key.space,1753188157.4590378,human
keyup,e,1753188157.4904418,human
keyup,Key.space,1753188157.588595,human
keydown,p,1753188157.6242306,human
keydown,o,1753188157.7661824,human
keyup,p,1753188157.8123012,human
keyup,o,1753188157.9490826,human
keydown,i,1753188157.9844427,human
keydown,Key.space,1753188158.0880978,human
keyup,i,1753188158.1672974,human
keyup,Key.space,1753188158.2727964,human
keydown,m,1753188158.6232846,human
keydown,i,1753188158.7692366,human
keyup,m,1753188158.884058,human
keyup,i,1753188158.9779074,human
keydown,Key.space,1753188159.0065403,human
keyup,Key.space,1753188159.1586065,human
keydown,p,1753188159.468667,human
keydown,i,1753188159.5326252,human
keyup,p,1753188159.6818416,human
keyup,i,1753188159.775915,human
keydown,a,1753188159.7841015,human
keydown,c,1753188159.9267795,human
keyup,a,1753188159.9321203,human
keydown,e,1753188160.0320342,human
keyup,c,1753188160.0921679,human
keydown,Key.space,1753188160.1325061,human
keyup,e,1753188160.166697,human
keydown,i,1753188160.2610826,human
keyup,Key.space,1753188160.2702334,human
keydown,l,1753188160.412154,human
keyup,i,1753188160.4160194,human
keydown,Key.space,1753188160.448912,human
keyup,l,1753188160.595669,human
keyup,Key.space,1753188160.6282587,human
keydown,v,1753188160.6376827,human
keydown,e,1753188160.7282486,human
keyup,v,1753188160.765682,human
keydown,r,1753188160.9157107,human
keyup,e,1753188160.9851396,human
keyup,r,1753188161.0669427,human
keydown,d,1753188161.1344342,human
keydown,e,1753188161.193994,human
keyup,d,1753188161.2880912,human
keydown,Key.space,1753188161.3040078,human
keyup,e,1753188161.3380532,human
keydown,a,1753188161.4185417,human
keyup,Key.space,1753188161.4478424,human
keyup,a,1753188161.52363,human
keydown,Key.space,1753188161.9446998,human
keydown,t,1753188162.0994277,human
keyup,Key.space,1753188162.1141617,human
keydown,e,1753188162.1917145,human
keyup,t,1753188162.2466667,human
keydown,Key.space,1753188162.278458,human
keyup,e,1753188162.3397624,human
keyup,Key.space,1753188162.4252324,human
keydown,c,1753188162.5592108,human
keydown,o,1753188162.6045914,human
keyup,c,1753188162.6689165,human
keydown,m,1753188162.707438,human
keyup,o,1753188162.7829928,human
keydown,e,1753188162.8163488,human
keyup,m,1753188162.8521929,human
keydown,Key.space,1753188162.9070847,human
keyup,e,1753188162.936158,human
keydown,v,1753188163.0765188,human
keyup,Key.space,1753188163.0852656,human
keydown,a,1753188163.1777868,human
keyup,v,1753188163.2468057,human
keydown,Key.space,1753188163.2594347,human
keyup,a,1753188163.3242486,human
keyup,Key.space,1753188163.433412,human
keydown,s,1753188172.4646828,human
keyup,s,1753188172.6617756,human
keydown,Key.backspace,1753188172.9224546,human
keyup,Key.backspace,1753188173.105851,human
keydown,q,1753188173.6830523,human
keyup,q,1753188173.8197122,human
keydown,w,1753188173.9712594,human
keyup,w,1753188174.0997345,human
keydown,e,1753188174.377734,human
keyup,e,1753188174.5157907,human
keydown,r,1753188174.6216471,human
keyup,r,1753188174.7545278,human
keydown,t,1753188174.8342588,human
keyup,t,1753188174.9691486,human
keydown,u,1753188175.113329,human
keyup,u,1753188175.287648,human
keydown,Key.space,1753188175.3330991,human
keyup,Key.space,1753188175.508735,human
keydown,s,1753188175.6931267,human
keyup,s,1753188175.9251902,human
keydown,o,1753188175.992964,human
keydown,d,1753188176.0840695,human
keyup,o,1753188176.199657,human
keydown,s,1753188176.208061,human
keyup,d,1753188176.2449653,human
keyup,s,1753188176.3188992,human
keydown,Key.space,1753188176.5156765,human
keyup,Key.space,1753188176.6579733,human
keydown,g,1753188176.8331878,human
keyup,g,1753188177.0726883,human
keydown,ò,1753188177.1500697,human
keydown,d,1753188177.3101604,human
keyup,ò,1753188177.3798873,human
keyup,d,1753188177.4585586,human
keydown,Key.space,1753188177.6081965,human
keyup,Key.space,1753188177.7692556,human
keydown,s,1753188178.177861,human
keydown,p,1753188178.3614678,human
keyup,s,1753188178.4251778,human
keydown,o,1753188178.509141,human
keyup,p,1753188178.5442,human
keydown,t,1753188178.5685146,human
keyup,o,1753188178.6880798,human
keydown,Key.space,1753188178.7311804,human
keyup,t,1753188178.7328062,human
keydown,s,1753188178.8562398,human
keyup,Key.space,1753188178.88775,human
keyup,s,1753188178.9891214,human
keydown,k,1753188179.049268,human
keydown,s,1753188179.2144117,human
keydown,l,1753188179.246928,human
keyup,k,1753188179.256625,human
keyup,l,1753188179.444718,human
keydown,f,1753188179.4809787,human
keyup,s,1753188179.5074391,human
keyup,f,1753188179.5348096,human
keydown,i,1753188179.614729,human
keydown,k,1753188179.643646,human
keyup,i,1753188179.693354,human
keydown,Key.space,1753188179.8120112,human
keyup,k,1753188179.8309598,human
keydown,s,1753188179.9447124,human
keyup,Key.space,1753188179.997251,human
keydown,l,1753188180.0958652,human
keyup,s,1753188180.136647,human
keydown,d,1753188180.333482,human
keyup,l,1753188180.3748071,human
keyup,d,1753188180.397331,human
keydown,j,1753188180.4237623,human
keydown,a,1753188180.647926,human
keyup,j,1753188180.681524,human
keydown,l,1753188180.8037994,human
keyup,a,1753188180.8600125,human
keydown,r,1753188180.8690803,human
keyup,l,1753188180.9985495,human
keydown,Key.space,1753188181.0376723,human
keyup,r,1753188181.0516157,human
keydown,c,1753188181.1832008,human
keyup,Key.space,1753188181.187803,human
keydown,i,1753188181.3759665,human
keydown,o,1753188181.3763497,human
keyup,c,1753188181.3955762,human
keyup,o,1753188181.4584277,human
keydown,a,1753188181.540421,human
keyup,i,1753188181.5449743,human
keydown,o,1753188181.5493243,human
keydown,s,1753188181.6428435,human
keyup,a,1753188181.6931546,human
keydown,Key.space,1753188181.797269,human
keyup,s,1753188181.7979648,human
keyup,o,1753188181.8307753,human
keydown,s,1753188181.9757001,human
keyup,Key.space,1753188181.9911432,human
keyup,s,1753188182.1597767,human
keydown,c,1753188182.1745133,human
keydown,i,1753188182.2712438,human
keyup,c,1753188182.377538,human
keydown,o,1753188182.3865747,human
keyup,i,1753188182.449853,human
keydown,a,1753188182.5452228,human
keydown,s,1753188182.6093297,human
keyup,o,1753188182.6153305,human
keydown,Key.space,1753188182.7192147,human
keyup,s,1753188182.7287467,human
keyup,a,1753188182.7568588,human
keydown,",",1753188182.8664134,human
keyup,Key.space,1753188182.893801,human
keyup,",",1753188183.081005,human
keydown,c,1753188183.180073,human
keydown,e,1753188183.1962051,human
keyup,c,1753188183.2435,human
keydown,o,1753188183.3701527,human
keyup,e,1753188183.3892653,human
keydown,c,1753188183.401956,human
keydown,e,1753188183.5165892,human
keyup,c,1753188183.5410454,human
keyup,o,1753188183.571819,human
keyup,e,1753188183.6814802,human
keydown,m,1753188183.7295337,human
keydown,s,1753188183.9446228,human
keyup,m,1753188183.9835162,human
keydown,Key.space,1753188184.0465927,human
keyup,s,1753188184.082511,human
keyup,Key.space,1753188184.2252114,human
keydown,f,1753188184.3697252,human
keydown,i,1753188184.538325,human
keyup,f,1753188184.5717282,human
keydown,a,1753188184.6573968,human
keydown,s,1753188184.7080505,human
keydown,o,1753188184.7165368,human
keyup,i,1753188184.7805834,human
keyup,s,1753188184.8906295,human
keydown,r,1753188184.899028,human
keyup,o,1753188184.9006166,human
keyup,a,1753188184.9190097,human
keyup,r,1753188184.9555168,human
keydown,m,1753188185.0060697,human
keydown,Key.space,1753188185.134185,human
keyup,m,1753188185.18579,human
keydown,c,1753188185.3034174,human
keyup,Key.space,1753188185.3269007,human
keydown,s,1753188185.427166,human
keydown,l,1753188185.450079,human
keyup,c,1753188185.4745328,human
keyup,s,1753188185.5805712,human
keydown,a,1753188185.605733,human
keyup,l,1753188185.6581373,human
keydown,i,1753188185.7083352,human
keyup,a,1753188185.8308585,human
keydown,r,1753188185.8526971,human
keyup,i,1753188185.939989,human
keydown,Key.space,1753188186.0219982,human
keyup,r,1753188186.0813699,human
keydown,s,1753188186.1592119,human
keyup,Key.space,1753188186.1972177,human
keyup,s,1753188186.3240645,human
keydown,s,1753188186.3376608,human
keydown,l,1753188186.3421311,human
keyup,l,1753188186.5716488,human
keyup,s,1753188186.6405144,human
keydown,c,1753188186.6797838,human
keydown,j,1753188186.7461216,human
keyup,c,1753188186.83334,human
keydown,a,1753188186.9674745,human
keyup,j,1753188187.0578027,human
keydown,r,1753188187.1396704,human
keyup,a,1753188187.2057724,human
keydown,e,1753188187.295341,human
keyup,r,1753188187.3556406,human
keydown,i,1753188187.423218,human
keyup,e,1753188187.4970505,human
keydown,Key.space,1753188187.5724382,human
keyup,i,1753188187.6068625,human
keyup,Key.space,1753188187.730952,human
keydown,s,1753188187.7405698,human
keydown,l,1753188187.775754,human
keydown,c,1753188187.8897524,human
keyup,s,1753188187.909482,human
keyup,l,1753188188.0047555,human
keyup,c,1753188188.0381866,human
keydown,i,1753188188.1226926,human
keydown,e,1753188188.1314268,human
keyup,e,1753188188.3471267,human
keyup,i,1753188188.3661735,human
keydown,a,1753188188.3971763,human
keydown,l,1753188188.4704487,human
keyup,a,1753188188.6035814,human
keyup,l,1753188188.663333,human
keydown,s,1753188188.7043402,human
keydown,c,1753188188.8231409,human
keyup,s,1753188188.884044,human
keydown,Key.space,1753188188.9469118,human
keyup,c,1753188188.970711,human
keyup,Key.space,1753188189.1395984,human
keydown,c,1753188189.214924,human
keydown,i,1753188189.3165054,human
keyup,c,1753188189.3474941,human
keydown,a,1753188189.4359763,human
keyup,i,1753188189.4805698,human
keydown,o,1753188189.5266442,human
keyup,a,1753188189.6050735,human
keydown,Key.space,1753188189.6183038,human
keydown,s,1753188189.6997056,human
keyup,o,1753188189.71439,human
keyup,Key.space,1753188189.787117,human
keyup,s,1753188189.8830116,human
keydown,m,1753188189.8976126,human
keydown,s,1753188190.0443645,human
keyup,m,1753188190.094923,human
keydown,o,1753188190.144625,human
keydown,f,1753188190.195469,human
keyup,s,1753188190.2387843,human
keydown,i,1753188190.3093672,human
keyup,o,1753188190.3485262,human
keyup,f,1753188190.382491,human
keydown,Key.space,1753188190.460976,human
keyup,i,1753188190.4926133,human
keyup,Key.space,1753188190.6358116,human
keydown,c,1753188190.880757,human
keydown,l,1753188190.8846774,human
keyup,c,1753188191.0728073,human
keyup,l,1753188191.0775523,human
keydown,o,1753188191.1360543,human
keydown,s,1753188191.2801201,human
keyup,o,1753188191.365163,human
keydown,e,1753188191.3989675,human
keyup,s,1753188191.4595315,human
keydown,Key.space,1753188191.4653368,human
keyup,e,1753188191.5311737,human
keyup,Key.space,1753188191.6276336,human
keydown,s,1753188191.8310678,human
keydown,c,1753188191.987608,human
keydown,l,1753188191.9880185,human
keyup,s,1753188192.0248787,human
keydown,i,1753188192.1721458,human
keyup,l,1753188192.1754103,human
keyup,c,1753188192.2069182,human
keyup,i,1753188192.3448231,human
keydown,n,1753188192.4102151,human
keydown,e,1753188192.538932,human
keyup,n,1753188192.6299512,human
keyup,e,1753188192.6440196,human
keydown,Key.space,1753188192.7016983,human
keydown,e,1753188192.729169,human
keyup,e,1753188192.8367093,human
keyup,Key.space,1753188192.8556483,human
keydown,e,1753188192.8931913,human
keydown,m,1753188192.9393034,human
keyup,e,1753188193.017637,human
keyup,m,1753188193.045051,human
keydown,m,1753188193.1440916,human
keydown,a,1753188193.1931944,human
keyup,m,1753188193.2888484,human
keyup,a,1753188193.3261192,human
keydown,Key.space,1753188193.3915098,human
keyup,Key.space,1753188193.5603545,human
keydown,s,1753188193.6411743,human
keyup,s,1753188193.7427154,human
keydown,c,1753188193.7793345,human
keydown,i,1753188193.86686,human
keyup,c,1753188193.9212165,human
keyup,i,1753188194.031102,human
keydown,a,1753188194.2281997,human
keydown,o,1753188194.2874887,human
keyup,a,1753188194.393312,human
keyup,o,1753188194.4133081,human
keydown,Key.space,1753188194.42961,human
keyup,Key.space,1753188194.5953512,human
keydown,m,1753188194.7360413,human
keydown,o,1753188194.8289526,human
keyup,m,1753188194.8827353,human
keyup,o,1753188195.0386245,human
keydown,g,1753188195.2363396,human
keydown,a,1753188195.3646905,human
keyup,g,1753188195.4038503,human
keyup,a,1753188195.4792068,human
keydown,n,1753188195.483054,human
keyup,n,1753188195.6412487,human
keydown,Key.space,1753188196.2684708,human
keydown,s,1753188196.4391952,human
keyup,Key.space,1753188196.4443002,human
keyup,s,1753188196.6229088,human
keydown,j,1753188196.9252284,human
keydown,t,1753188197.0207732,human
keyup,j,1753188197.040695,human
keyup,t,1753188197.2320302,human
keydown,k,1753188197.3771088,human
keydown,Key.space,1753188197.436335,human
keyup,k,1753188197.4911256,human
keydown,s,1753188197.6507607,human
keyup,Key.space,1753188197.6537495,human
keydown,a,1753188197.7696953,human
keyup,s,1753188197.7973096,human
keydown,l,1753188197.8432522,human
keyup,a,1753188197.977025,human
keyup,l,1753188198.0583398,human
keydown,n,1753188198.1476288,human
keydown,e,1753188198.253567,human
keyup,n,1753188198.3133419,human
keyup,e,1753188198.4136555,human
keydown,Key.space,1753188198.726755,human
keyup,Key.space,1753188198.8686266,human
keydown,n,1753188198.9086442,human
keydown,e,1753188198.9736571,human
keydown,t,1753188199.0738537,human
keyup,n,1753188199.0832286,human
keyup,t,1753188199.1754084,human
keyup,e,1753188199.1782281,human
keydown,d,1753188199.3707857,human
keydown,l,1753188199.4160342,human
keyup,d,1753188199.4595942,human
keydown,i,1753188199.5589607,human
keyup,l,1753188199.6379404,human
keydown,x,1753188199.6877542,human
keyup,i,1753188199.6973372,human
keydown,Key.space,1753188199.8142745,human
keyup,x,1753188199.8571568,human
keyup,Key.space,1753188199.951686,human
keydown,s,1753188199.9852195,human
keyup,s,1753188200.135655,human
keydown,i,1753188200.153952,human
keydown,c,1753188200.2304008,human
keyup,i,1753188200.286304,human
keydown,o,1753188200.376718,human
keyup,c,1753188200.3828733,human
keydown,a,1753188200.4516363,human
keyup,a,1753188200.5279338,human
keyup,o,1753188200.5420513,human
keydown,Key.space,1753188200.5454578,human
keyup,Key.space,1753188200.6749763,human
keydown,s,1753188200.6896539,human
keydown,o,1753188200.7294183,human
keyup,s,1753188200.8028271,human
keydown,n,1753188200.808993,human
keyup,o,1753188200.8623724,human
keydown,o,1753188200.9214854,human
keyup,n,1753188200.9632099,human
keydown,Key.space,1753188200.977143,human
keyup,o,1753188201.0503647,human
keyup,Key.space,1753188201.1101155,human
keydown,s,1753188201.2645984,human
keyup,s,1753188201.3504565,human
keydown,Key.backspace,1753188201.596027,human
keydown,d,1753188201.6640558,human
keyup,Key.backspace,1753188201.6965811,human
keydown,a,1753188201.7116625,human
keyup,d,1753188201.7750416,human
keydown,n,1753188201.80602,human
keyup,a,1753188201.8305984,human
keyup,n,1753188201.9205482,human
keydown,e,1753188201.952724,human
keyup,e,1753188202.0502658,human
keydown,l,1753188202.0624778,human
keyup,l,1753188202.2106056,human
keydown,Key.backspace,1753188203.0691385,human
keyup,Key.backspace,1753188203.1600175,human
keydown,Key.backspace,1753188203.2191505,human
keyup,Key.backspace,1753188203.324466,human
keydown,i,1753188203.4576313,human
keydown,e,1753188203.5628088,human
keyup,i,1753188203.5686421,human
keyup,e,1753188203.6911495,human
keydown,l,1753188203.7611268,human
keydown,e,1753188203.8842125,human
keyup,l,1753188203.9167063,human
keydown,Key.space,1753188203.966811,human
keyup,e,1753188203.9957397,human
keyup,Key.space,1753188204.0956838,human
keydown,e,1753188204.1110582,human
keydown,Key.space,1753188204.1647463,human
keyup,e,1753188204.2241292,human
keyup,Key.space,1753188204.2611122,human
keydown,o,1753188204.3807733,human
keyup,o,1753188204.5283058,human
keydown,Key.backspace,1753188204.661196,human
keyup,Key.backspace,1753188204.730186,human
keydown,h,1753188204.964067,human
keydown,o,1753188205.0928798,human
keyup,h,1753188205.138476,human
keydown,Key.space,1753188205.142237,human
keydown,v,1753188205.2523336,human
keyup,o,1753188205.2663088,human
keyup,Key.space,1753188205.295016,human
keydown,e,1753188205.3208706,human
keyup,v,1753188205.410242,human
keydown,n,1753188205.435648,human
keyup,e,1753188205.469127,human
keydown,t,1753188205.5789616,human
keyup,n,1753188205.5999806,human
keyup,t,1753188205.682785,human
keydown,i,1753188205.782653,human
keyup,i,1753188205.9267907,human
keydown,d,1753188205.9680953,human
keyup,d,1753188206.041631,human
keydown,u,1753188206.278246,human
keydown,e,1753188206.3099532,human
keyup,u,1753188206.3563426,human
keyup,e,1753188206.4162304,human
keydown,Key.space,1753188206.7152681,human
keydown,a,1753188206.7888014,human
keyup,Key.space,1753188206.8189476,human
keyup,a,1753188206.9282427,human
keydown,n,1753188206.9312925,human
keyup,n,1753188207.0409167,human
keydown,n,1753188207.0998878,human
keydown,i,1753188207.1822362,human
keyup,n,1753188207.2755294,human
keydown,Key.space,1753188207.3152988,human
keyup,i,1753188207.3654988,human
keyup,Key.space,1753188207.5138822,human
keydown,e,1753188207.9908688,human
keyup,e,1753188208.11923,human
keydown,Key.space,1753188208.1231198,human
keydown,q,1753188208.2664459,human
keyup,Key.space,1753188208.2706897,human
keyup,q,1753188208.3766072,human
keydown,u,1753188208.4254892,human
keydown,a,1753188208.5119264,human
keyup,u,1753188208.5353258,human
keydown,s,1753188208.608068,human
keyup,a,1753188208.664042,human
keydown,i,1753188208.6858156,human
keyup,s,1753188208.7547693,human
keydown,Key.space,1753188208.7726183,human
keyup,i,1753188208.8371377,human
keyup,Key.space,1753188208.9057014,human
keydown,q,1753188208.9714198,human
keydown,u,1753188209.047605,human
keyup,q,1753188209.080641,human
keyup,u,1753188209.1763623,human
keydown,a,1753188209.1904607,human
keydown,s,1753188209.2400808,human
keyup,a,1753188209.2882802,human
keydown,i,1753188209.354582,human
keyup,s,1753188209.4016635,human
keydown,Key.space,1753188209.4691997,human
keyup,i,1753188209.5170531,human
keyup,Key.space,1753188209.626598,human
keydown,e,1753188209.7464726,human
keyup,e,1753188209.8544083,human
keydown,s,1753188209.9606915,human
keydown,c,1753188210.0626411,human
keyup,s,1753188210.1165013,human
keydown,o,1753188210.1352286,human
keyup,c,1753188210.2004335,human
keydown,Key.space,1753188210.2073345,human
keyup,o,1753188210.3042786,human
keyup,Key.space,1753188210.3792307,human
keydown,c,1753188210.4708364,human
keydown,o,1753188210.5342987,human
keyup,c,1753188210.5786295,human
keydown,n,1753188210.584904,human
keydown,Key.space,1753188210.690839,human
keyup,o,1753188210.7136483,human
keyup,n,1753188210.747051,human
keydown,q,1753188210.8230805,human
keyup,Key.space,1753188210.836902,human
keydown,u,1753188210.8756244,human
keyup,q,1753188210.9390078,human
keyup,u,1753188211.003763,human
keydown,a,1753188211.049411,human
keyup,a,1753188211.17378,human
keydown,l,1753188211.193016,human
keyup,l,1753188211.33786,human
keydown,c,1753188211.3470232,human
keydown,u,1753188211.420949,human
keyup,c,1753188211.4570522,human
keyup,u,1753188211.5308251,human
keydown,n,1753188211.5864182,human
keydown,a,1753188211.636565,human
keyup,n,1753188211.710119,human
keydown,Key.space,1753188211.7507758,human
keyup,a,1753188211.753168,human
keyup,Key.space,1753188211.9026973,human
keydown,d,1753188212.1690938,human
keydown,o,1753188212.2641075,human
keyup,d,1753188212.2882757,human
keydown,p,1753188212.3339276,human
keyup,o,1753188212.4135633,human
keydown,Key.space,1753188212.452745,human
keyup,p,1753188212.516249,human
keyup,Key.space,1753188212.6265497,human
keydown,Key.backspace,1753188212.8255253,human
keyup,Key.backspace,1753188212.9451408,human
keydown,o,1753188212.9644506,human
keydown,Key.space,1753188213.0790756,human
keydown,v,1753188213.1115565,human
keyup,o,1753188213.1387808,human
keyup,v,1753188213.2282543,human
keyup,Key.space,1753188213.240425,human
keydown,a,1753188213.2663672,human
keydown,d,1753188213.4296234,human
keydown,o,1753188213.484179,human
keyup,a,1753188213.4859095,human
keyup,d,1753188213.5401666,human
keydown,Key.space,1753188213.5674853,human
keydown,a,1753188213.6403236,human
keyup,o,1753188213.6445613,human
keyup,Key.space,1753188213.6833313,human
keydown,Key.space,1753188213.7185216,human
keyup,a,1753188213.7638266,human
keydown,f,1753188213.8096502,human
keydown,a,1753188213.8738928,human
keyup,Key.space,1753188213.8969717,human
keyup,f,1753188213.9221253,human
keyup,a,1753188213.984585,human
keydown,r,1753188214.017345,human
keydown,e,1753188214.0642283,human
keyup,r,1753188214.130182,human
keydown,Key.space,1753188214.164027,human
keyup,e,1753188214.183012,human
keyup,Key.space,1753188214.2743564,human
keydown,a,1753188214.3380404,human
keydown,p,1753188214.397659,human
keyup,a,1753188214.467722,human
keydown,e,1753188214.5701566,human
keyup,p,1753188214.5767262,human
keydown,r,1753188214.7074206,human
keyup,e,1753188214.7806754,human
keyup,r,1753188214.840581,human
keydown,t,1753188214.8745015,human
keydown,i,1753188214.9568396,human
keyup,t,1753188214.9944177,human
keyup,i,1753188215.0858984,human
keydown,v,1753188215.1057017,human
keydown,i,1753188215.2119722,human
keyup,v,1753188215.2442708,human
keydown,o,1753188215.2900157,human
keyup,i,1753188215.3438623,human
keydown,Key.space,1753188215.3806334,human
keyup,o,1753188215.4593163,human
keyup,Key.space,1753188215.5513299,human
keydown,p,1753188216.2223992,human
keyup,p,1753188216.2918217,human
keydown,c,1753188216.3077831,human
keyup,c,1753188216.4316745,human
keydown,Key.backspace,1753188216.5638733,human
keyup,Key.backspace,1753188216.74905,human
keydown,Key.backspace,1753188216.9267726,human
keyup,Key.backspace,1753188217.046326,human
keydown,c,1753188217.0527027,human
keyup,c,1753188217.1653385,human
keydown,o,1753188217.1787555,human
keydown,n,1753188217.2939923,human
keyup,o,1753188217.3573472,human
keydown,Key.space,1753188217.3880446,human
keyup,n,1753188217.4532092,human
keydown,u,1753188217.4887543,human
keyup,Key.space,1753188217.5124953,human
keydown,n,1753188217.5761054,human
keyup,u,1753188217.6221716,human
keydown,a,1753188217.658247,human
keyup,n,1753188217.6914175,human
keydown,Key.space,1753188217.754188,human
keyup,a,1753188217.7637658,human
keydown,r,1753188217.88916,human
keydown,a,1753188217.9054983,human
keyup,Key.space,1753188217.908423,human
keyup,r,1753188217.9743335,human
keyup,a,1753188218.0480266,human
keydown,g,1753188218.0844307,human
keydown,a,1753188218.1537101,human
keyup,g,1753188218.1968753,human
keyup,a,1753188218.241461,human
keydown,z,1753188218.3064313,human
keyup,z,1753188218.4257495,human
keydown,z,1753188218.4806178,human
keyup,z,1753188218.5838113,human
keydown,a,1753188218.6599517,human
keyup,a,1753188218.7559912,human
keydown,Key.space,1753188218.9923544,human
keydown,e,1753188219.070968,human
keyup,Key.space,1753188219.1301804,human
keydown,Key.space,1753188219.2029247,human
keyup,e,1753188219.2041655,human
keyup,Key.space,1753188219.3507466,human
keydown,v,1753188219.491467,human
keyup,v,1753188219.6360009,human
keydown,e,1753188219.6920996,human
keyup,e,1753188219.8574967,human
keydown,d,1753188219.8672624,human
keydown,i,1753188219.9536371,human
keyup,d,1753188219.9995599,human
keydown,a,1753188220.0671864,human
keyup,i,1753188220.08615,human
keydown,m,1753188220.1360912,human
keyup,a,1753188220.2012563,human
keydown,o,1753188220.2110739,human
keyup,m,1753188220.2612903,human
keydown,Key.space,1753188220.2742493,human
keyup,o,1753188220.3439023,human
keydown,c,1753188220.346329,human
keydown,o,1753188220.4152644,human
keyup,Key.space,1753188220.4226716,human
keyup,c,1753188220.4678323,human
keydown,m,1753188220.4839692,human
keydown,e,1753188220.5531645,human
keyup,o,1753188220.562849,human
keydown,Key.space,1753188220.6125727,human
keyup,m,1753188220.6282601,human
keyup,e,1753188220.6685429,human
keydown,v,1753188220.7089431,human
keyup,Key.space,1753188220.7699218,human
keydown,a,1753188220.7725515,human
keyup,v,1753188220.842024,human
keydown,Key.space,1753188220.850979,human
keyup,a,1753188220.8887973,human
keydown,m,1753188220.8968897,human
keyup,Key.space,1753188220.9756744,human
keydown,e,1753188221.0343497,human
keyup,m,1753188221.045118,human
keyup,e,1753188221.1233256,human
keydown,Key.backspace,1753188221.3567953,human
keyup,Key.backspace,1753188221.481686,human
keydown,a,1753188221.5245461,human
keydown,Key.space,1753188221.5805464,human
keyup,a,1753188221.653828,human
keydown,è,1753188221.699258,human
keyup,Key.space,1753188221.749591,human
keydown,Key.space,1753188221.8405495,human
keyup,è,1753188221.9282637,human
keyup,Key.space,1753188221.9974542,human
keydown,t,1753188222.0005713,human
keyup,t,1753188222.1021228,human
keydown,r,1753188222.1580563,human
keydown,o,1753188222.22697,human
keyup,r,1753188222.2783475,human
keydown,p,1753188222.3004363,human
keyup,o,1753188222.3848584,human
keyup,p,1753188222.4342422,human
keydown,p,1753188222.4692006,human
keydown,o,1753188222.6160212,human
keyup,o,1753188222.7547297,human
keyup,p,1753188222.7953117,human
keydown,Key.space,1753188223.0234346,human
keydown,g,1753188223.1004467,human
keyup,Key.space,1753188223.183278,human
keyup,g,1753188223.202157,human
keydown,r,1753188223.2634873,human
keydown,a,1753188223.3044083,human
keyup,r,1753188223.382497,human
keydown,n,1753188223.4419682,human
keyup,a,1753188223.4698293,human
keydown,d,1753188223.5256128,human
keyup,n,1753188223.5614133,human
keyup,d,1753188223.615913,human
keydown,d,1753188223.625738,human
keydown,e,1753188223.6981475,human
keyup,d,1753188223.7680502,human
keydown,Key.space,1753188223.7779589,human
keyup,e,1753188223.8637362,human
keyup,Key.space,1753188223.9527564,human
keydown,p,1753188224.0188477,human
keydown,e,1753188224.0371351,human
keyup,e,1753188224.191082,human
keyup,p,1753188224.1935494,human
keydown,r,1753188224.231582,human
keydown,Key.space,1753188224.296069,human
keyup,r,1753188224.3700442,human
keydown,m,1753188224.4427025,human
keyup,Key.space,1753188224.4528325,human
keydown,e,1753188224.5390353,human
keyup,m,1753188224.5937312,human
keydown,Key.space,1753188224.6392734,human
keyup,e,1753188224.6871028,human
keyup,Key.space,1753188224.7774863,human
keydown,e,1753188225.2973194,human
keydown,Key.space,1753188225.400623,human
keyup,e,1753188225.4356241,human
keyup,Key.space,1753188225.5453463,human
keydown,Key.backspace,1753188225.870491,human
keydown,d,1753188225.9476857,human
keyup,Key.backspace,1753188225.980094,human
