event_code,key_code,timestamp,label
1,3,1753192225.5404634,bot
0,3,1753192225.657603,bot
1,3,1753192225.719312,bot
0,3,1753192225.8368351,bot
1,0,1753192226.1250632,bot
0,0,1753192226.2697732,bot
1,1,1753192226.6304865,bot
0,1,1753192226.7534544,bot
1,6,1753192226.7997274,bot
0,6,1753192226.801056,bot
1,5,1753192227.004527,bot
0,5,1753192227.0053344,bot
1,7,1753192227.2078986,bot
0,7,1753192227.2080753,bot
1,7,1753192227.4108942,bot
0,7,1753192227.4109938,bot
1,8,1753192227.613575,bot
0,8,1753192227.6137838,bot
1,2,1753192227.8163266,bot
0,2,1753192227.8164625,bot
1,10,1753192228.0194762,bot
0,10,1753192228.0195503,bot
1,8,1753192228.2220004,bot
0,8,1753192228.222102,bot
1,9,1753192228.4241078,bot
0,9,1753192228.424204,bot
1,7,1753192228.6265185,bot
0,7,1753192228.6267323,bot
1,4,1753192228.8291764,bot
0,4,1753192228.8294072,bot
1,2,1753192229.0320084,bot
0,2,1753192229.0321412,bot
1,6,1753192229.2344837,bot
0,6,1753192229.2347794,bot
1,5,1753192229.4374585,bot
0,5,1753192229.4375856,bot
1,7,1753192229.6400971,bot
0,7,1753192229.640191,bot
1,7,1753192229.842858,bot
0,7,1753192229.8430617,bot
1,8,1753192230.0458634,bot
0,8,1753192230.045959,bot
1,2,1753192230.2484026,bot
0,2,1753192230.2485015,bot
1,10,1753192230.451068,bot
0,10,1753192230.451276,bot
1,8,1753192230.653978,bot
0,8,1753192230.6541028,bot
1,9,1753192230.8567286,bot
0,9,1753192230.8568594,bot
1,7,1753192231.059029,bot
0,7,1753192231.0591657,bot
1,4,1753192231.2616143,bot
0,4,1753192231.2617936,bot
1,2,1753192231.464284,bot
0,2,1753192231.4644644,bot
1,6,1753192231.6664958,bot
0,6,1753192231.6667054,bot
1,5,1753192231.869052,bot
0,5,1753192231.8692143,bot
1,7,1753192232.0717435,bot
0,7,1753192232.0718677,bot
1,7,1753192232.274504,bot
0,7,1753192232.274719,bot
1,8,1753192232.477224,bot
0,8,1753192232.477392,bot
1,2,1753192232.6798897,bot
0,2,1753192232.6800094,bot
1,10,1753192232.8825097,bot
0,10,1753192232.882723,bot
1,8,1753192233.085167,bot
0,8,1753192233.085285,bot
1,9,1753192233.2878206,bot
0,9,1753192233.288052,bot
1,7,1753192233.490563,bot
0,7,1753192233.4910927,bot
1,4,1753192233.69386,bot
0,4,1753192233.6939826,bot
1,2,1753192233.896486,bot
0,2,1753192233.8968065,bot
1,6,1753192234.0993638,bot
0,6,1753192234.0995572,bot
1,5,1753192234.3018727,bot
0,5,1753192234.3020923,bot
1,7,1753192234.504152,bot
0,7,1753192234.5043058,bot
1,7,1753192234.7068143,bot
0,7,1753192234.706982,bot
1,8,1753192234.909413,bot
0,8,1753192234.9097378,bot
1,2,1753192235.1123755,bot
0,2,1753192235.1126945,bot
1,10,1753192235.315305,bot
0,10,1753192235.3154728,bot
1,8,1753192235.5171292,bot
0,8,1753192235.5174065,bot
1,9,1753192235.719983,bot
0,9,1753192235.7201471,bot
1,7,1753192235.922845,bot
0,7,1753192235.923012,bot
1,4,1753192236.1256118,bot
0,4,1753192236.125774,bot
1,2,1753192236.3281736,bot
0,2,1753192236.328335,bot
1,6,1753192236.5305464,bot
0,6,1753192236.5306966,bot
1,5,1753192236.7328184,bot
0,5,1753192236.73321,bot
1,7,1753192236.9359417,bot
0,7,1753192236.936105,bot
1,7,1753192237.1387398,bot
0,7,1753192237.138904,bot
1,8,1753192237.341216,bot
0,8,1753192237.3413806,bot
1,2,1753192237.5438528,bot
0,2,1753192237.5439906,bot
1,10,1753192237.746769,bot
0,10,1753192237.746889,bot
1,8,1753192237.9493625,bot
0,8,1753192237.9495678,bot
1,9,1753192238.1518729,bot
0,9,1753192238.1520455,bot
1,7,1753192238.3545651,bot
0,7,1753192238.3548906,bot
1,4,1753192238.5574536,bot
0,4,1753192238.5578072,bot
1,2,1753192238.7605531,bot
0,2,1753192238.7607117,bot
1,6,1753192238.9633715,bot
0,6,1753192238.9635377,bot
1,5,1753192239.1661437,bot
0,5,1753192239.166313,bot
1,7,1753192239.3688524,bot
0,7,1753192239.3693218,bot
1,7,1753192239.572121,bot
0,7,1753192239.5722394,bot
1,8,1753192239.7748382,bot
0,8,1753192239.775066,bot
1,2,1753192239.977414,bot
0,2,1753192239.9776988,bot
1,10,1753192240.1803946,bot
0,10,1753192240.1808977,bot
1,8,1753192240.3829863,bot
0,8,1753192240.383283,bot
1,9,1753192240.5859077,bot
0,9,1753192240.5860417,bot
1,7,1753192240.7886226,bot
0,7,1753192240.7890284,bot
1,4,1753192240.991574,bot
0,4,1753192240.9919322,bot
1,2,1753192241.1945615,bot
0,2,1753192241.19477,bot
1,6,1753192241.3974488,bot
0,6,1753192241.3976443,bot
1,5,1753192241.599717,bot
0,5,1753192241.5998895,bot
1,7,1753192241.8023462,bot
0,7,1753192241.802431,bot
1,7,1753192242.0045123,bot
0,7,1753192242.0046446,bot
1,8,1753192242.206606,bot
0,8,1753192242.206744,bot
1,2,1753192242.409152,bot
0,2,1753192242.4092798,bot
1,10,1753192242.6116123,bot
0,10,1753192242.6118042,bot
1,8,1753192242.8142085,bot
0,8,1753192242.8143277,bot
1,9,1753192243.0165932,bot
0,9,1753192243.0167625,bot
1,7,1753192243.2190137,bot
0,7,1753192243.2191286,bot
1,4,1753192243.421586,bot
0,4,1753192243.421816,bot
1,2,1753192243.623819,bot
0,2,1753192243.62395,bot
1,6,1753192243.8263776,bot
0,6,1753192243.826829,bot
1,5,1753192244.0295415,bot
0,5,1753192244.029708,bot
1,7,1753192244.232197,bot
0,7,1753192244.2323186,bot
1,7,1753192244.4345944,bot
0,7,1753192244.4347453,bot
1,8,1753192244.6370466,bot
0,8,1753192244.6372175,bot
1,2,1753192244.8393366,bot
0,2,1753192244.839455,bot
1,10,1753192245.04145,bot
0,10,1753192245.0415795,bot
1,8,1753192245.2439277,bot
0,8,1753192245.244065,bot
1,9,1753192245.446433,bot
0,9,1753192245.446587,bot
1,7,1753192245.6491368,bot
0,7,1753192245.6492696,bot
1,4,1753192245.8514476,bot
0,4,1753192245.8515832,bot
1,2,1753192246.0538814,bot
0,2,1753192246.0540104,bot
1,6,1753192246.2564604,bot
0,6,1753192246.2565928,bot
1,5,1753192246.458989,bot
0,5,1753192246.4591162,bot
1,7,1753192246.661473,bot
0,7,1753192246.6616015,bot
1,7,1753192246.86405,bot
0,7,1753192246.8641472,bot
1,8,1753192247.0662105,bot
0,8,1753192247.0663402,bot
1,2,1753192247.2686548,bot
0,2,1753192247.2687998,bot
1,10,1753192247.4711075,bot
0,10,1753192247.4712162,bot
1,8,1753192247.67373,bot
0,8,1753192247.6738658,bot
1,9,1753192247.8765535,bot
0,9,1753192247.8767354,bot
1,7,1753192248.0794065,bot
0,7,1753192248.07976,bot
1,4,1753192248.2823007,bot
0,4,1753192248.2824306,bot
1,2,1753192248.4847977,bot
0,2,1753192248.4848928,bot
1,6,1753192248.6872065,bot
0,6,1753192248.6873336,bot
1,5,1753192248.8900092,bot
0,5,1753192248.8901408,bot
1,7,1753192249.0922642,bot
0,7,1753192249.0923932,bot
1,7,1753192249.2948763,bot
0,7,1753192249.2949452,bot
1,8,1753192249.4973063,bot
0,8,1753192249.497403,bot
1,2,1753192249.6994586,bot
0,2,1753192249.6995895,bot
1,10,1753192249.9018493,bot
0,10,1753192249.9019802,bot
1,8,1753192250.1044114,bot
0,8,1753192250.1045432,bot
1,9,1753192250.306647,bot
0,9,1753192250.306831,bot
1,7,1753192250.5090158,bot
0,7,1753192250.5091214,bot
1,4,1753192250.7117062,bot
0,4,1753192250.7120352,bot
1,2,1753192250.9147546,bot
0,2,1753192250.9148636,bot
1,6,1753192251.1166213,bot
0,6,1753192251.1167755,bot
1,5,1753192251.3187215,bot
0,5,1753192251.3188477,bot
1,7,1753192251.5215232,bot
0,7,1753192251.5217812,bot
1,7,1753192251.724578,bot
0,7,1753192251.725185,bot
1,8,1753192251.927845,bot
0,8,1753192251.92794,bot
1,2,1753192252.1303065,bot
0,2,1753192252.130437,bot
1,10,1753192252.3323543,bot
0,10,1753192252.332483,bot
1,8,1753192252.5342262,bot
0,8,1753192252.5344577,bot
1,9,1753192252.73701,bot
0,9,1753192252.73714,bot
1,7,1753192252.9393396,bot
0,7,1753192252.939439,bot
1,4,1753192253.1418266,bot
0,4,1753192253.1419592,bot
1,2,1753192253.344702,bot
0,2,1753192253.3450923,bot
1,6,1753192253.547822,bot
0,6,1753192253.548044,bot
1,5,1753192253.7501223,bot
0,5,1753192253.750362,bot
1,7,1753192253.9529085,bot
0,7,1753192253.953339,bot
1,7,1753192254.1560712,bot
0,7,1753192254.1562002,bot
1,8,1753192254.358821,bot
0,8,1753192254.3591335,bot
1,2,1753192254.5618863,bot
0,2,1753192254.5619824,bot
1,10,1753192254.7647169,bot
0,10,1753192254.7648509,bot
1,8,1753192254.9672573,bot
0,8,1753192254.9674945,bot
1,9,1753192255.1701794,bot
0,9,1753192255.1706064,bot
1,7,1753192255.3731692,bot
0,7,1753192255.3733978,bot
1,4,1753192255.5760703,bot
0,4,1753192255.5764854,bot
1,2,1753192255.7790809,bot
0,2,1753192255.779204,bot
1,6,1753192255.9815168,bot
0,6,1753192255.9816463,bot
1,5,1753192256.1840131,bot
0,5,1753192256.1841085,bot
1,7,1753192256.386561,bot
0,7,1753192256.3867276,bot
1,7,1753192256.5892034,bot
0,7,1753192256.5894067,bot
1,8,1753192256.7921937,bot
0,8,1753192256.7922902,bot
1,2,1753192256.9948933,bot
0,2,1753192256.9951022,bot
1,10,1753192257.1976285,bot
0,10,1753192257.1978855,bot
1,8,1753192257.4005008,bot
0,8,1753192257.4008784,bot
1,9,1753192257.6037445,bot
0,9,1753192257.6038804,bot
1,7,1753192257.8062215,bot
0,7,1753192257.806313,bot
1,4,1753192258.0087545,bot
0,4,1753192258.0091646,bot
1,2,1753192258.2118244,bot
0,2,1753192258.211953,bot
1,6,1753192258.4144957,bot
0,6,1753192258.4146204,bot
1,5,1753192258.6170824,bot
0,5,1753192258.6174586,bot
1,7,1753192258.820109,bot
0,7,1753192258.820504,bot
1,7,1753192259.0229342,bot
0,7,1753192259.02308,bot
1,8,1753192259.225513,bot
0,8,1753192259.2257326,bot
1,2,1753192259.4278686,bot
0,2,1753192259.4282122,bot
1,10,1753192259.6308231,bot
0,10,1753192259.631004,bot
1,8,1753192259.833211,bot
0,8,1753192259.833346,bot
1,9,1753192260.0358684,bot
0,9,1753192260.036052,bot
1,7,1753192260.2383728,bot
0,7,1753192260.2385526,bot
1,4,1753192260.441033,bot
0,4,1753192260.4412763,bot
1,2,1753192260.643557,bot
0,2,1753192260.6437762,bot
1,6,1753192260.8461351,bot
0,6,1753192260.8462284,bot
1,5,1753192261.0488544,bot
0,5,1753192261.0490422,bot
1,7,1753192261.2514205,bot
0,7,1753192261.251579,bot
1,7,1753192261.454003,bot
0,7,1753192261.4541757,bot
1,8,1753192261.6564872,bot
0,8,1753192261.6565862,bot
1,2,1753192261.8592207,bot
0,2,1753192261.859404,bot
1,10,1753192262.061997,bot
0,10,1753192262.06218,bot
1,8,1753192262.2647347,bot
0,8,1753192262.2648644,bot
1,9,1753192262.4670317,bot
0,9,1753192262.4676282,bot
1,7,1753192262.6702712,bot
0,7,1753192262.6704051,bot
1,4,1753192262.8733106,bot
0,4,1753192262.8734486,bot
1,2,1753192263.0758824,bot
0,2,1753192263.0760305,bot
1,6,1753192263.2784991,bot
0,6,1753192263.278628,bot
1,5,1753192263.4811904,bot
0,5,1753192263.4813428,bot
1,7,1753192263.6837506,bot
0,7,1753192263.6838791,bot
1,7,1753192263.8864574,bot
0,7,1753192263.886705,bot
1,8,1753192264.0892484,bot
0,8,1753192264.0896375,bot
1,2,1753192264.2920864,bot
0,2,1753192264.2922106,bot
1,10,1753192264.494885,bot
0,10,1753192264.4950092,bot
1,8,1753192264.6974828,bot
0,8,1753192264.697598,bot
1,9,1753192264.89978,bot
0,9,1753192264.8999064,bot
1,7,1753192265.1023648,bot
0,7,1753192265.1024876,bot
1,4,1753192265.3050375,bot
0,4,1753192265.3052151,bot
1,2,1753192265.5075765,bot
0,2,1753192265.5077486,bot
1,6,1753192265.7103207,bot
0,6,1753192265.7110171,bot
1,5,1753192265.9136314,bot
0,5,1753192265.9138258,bot
1,7,1753192266.1161027,bot
0,7,1753192266.1162393,bot
1,7,1753192266.318691,bot
0,7,1753192266.3189113,bot
1,8,1753192266.521489,bot
0,8,1753192266.5216992,bot
1,2,1753192266.7242856,bot
0,2,1753192266.724457,bot
1,10,1753192266.9269729,bot
0,10,1753192266.9271498,bot
1,8,1753192267.1296377,bot
0,8,1753192267.1298635,bot
1,9,1753192267.3323767,bot
0,9,1753192267.3324952,bot
1,7,1753192267.5350754,bot
0,7,1753192267.5355823,bot
1,4,1753192267.738087,bot
0,4,1753192267.738206,bot
1,2,1753192267.9407587,bot
0,2,1753192267.9408731,bot
1,6,1753192268.1433773,bot
0,6,1753192268.1435106,bot
1,5,1753192268.3460276,bot
0,5,1753192268.346161,bot
1,7,1753192268.548749,bot
0,7,1753192268.5489764,bot
1,7,1753192268.7515028,bot
0,7,1753192268.7516997,bot
1,8,1753192268.9544156,bot
0,8,1753192268.954622,bot
1,2,1753192269.157139,bot
0,2,1753192269.1573026,bot
1,10,1753192269.3597991,bot
0,10,1753192269.3602428,bot
1,8,1753192269.5624845,bot
0,8,1753192269.5629632,bot
1,9,1753192269.7655723,bot
0,9,1753192269.7657835,bot
1,7,1753192269.9682877,bot
0,7,1753192269.968468,bot
1,4,1753192270.170838,bot
0,4,1753192270.1709678,bot
1,2,1753192270.3732777,bot
0,2,1753192270.3737624,bot
1,6,1753192270.5763683,bot
0,6,1753192270.576517,bot
1,5,1753192270.7790794,bot
0,5,1753192270.779722,bot
1,7,1753192270.9821289,bot
0,7,1753192270.982309,bot
1,7,1753192271.1849065,bot
0,7,1753192271.185016,bot
1,8,1753192271.387582,bot
0,8,1753192271.3880732,bot
1,2,1753192271.5907245,bot
0,2,1753192271.5913322,bot
1,10,1753192271.793767,bot
0,10,1753192271.7938964,bot
1,8,1753192271.9964185,bot
0,8,1753192271.9966867,bot
1,9,1753192272.1989806,bot
0,9,1753192272.1991615,bot
1,7,1753192272.401503,bot
0,7,1753192272.4017172,bot
1,4,1753192272.6041942,bot
0,4,1753192272.6043737,bot
1,2,1753192272.806735,bot
0,2,1753192272.806971,bot
1,6,1753192273.0095084,bot
0,6,1753192273.009732,bot
1,5,1753192273.211957,bot
0,5,1753192273.2121072,bot
1,7,1753192273.4146366,bot
0,7,1753192273.4148493,bot
1,7,1753192273.617283,bot
0,7,1753192273.6174347,bot
1,8,1753192273.8200283,bot
0,8,1753192273.8201349,bot
1,2,1753192274.0227256,bot
0,2,1753192274.0232463,bot
1,10,1753192274.2257304,bot
0,10,1753192274.2258365,bot
1,8,1753192274.4284174,bot
0,8,1753192274.4285712,bot
1,9,1753192274.6310055,bot
0,9,1753192274.6313272,bot
1,7,1753192274.833646,bot
0,7,1753192274.83381,bot
1,4,1753192275.0363996,bot
0,4,1753192275.0369744,bot
1,2,1753192275.2393572,bot
0,2,1753192275.2395768,bot
1,6,1753192275.441826,bot
0,6,1753192275.441974,bot
1,5,1753192275.64439,bot
0,5,1753192275.6445382,bot
1,7,1753192275.8469665,bot
0,7,1753192275.847137,bot
1,7,1753192276.0491753,bot
0,7,1753192276.0493095,bot
1,8,1753192276.2514884,bot
0,8,1753192276.2515812,bot
1,2,1753192276.4540398,bot
0,2,1753192276.4541578,bot
1,10,1753192276.6563776,bot
0,10,1753192276.6564972,bot
1,8,1753192276.8589923,bot
0,8,1753192276.8591692,bot
1,9,1753192277.061723,bot
0,9,1753192277.0619016,bot
1,7,1753192277.2647674,bot
0,7,1753192277.264944,bot
1,4,1753192277.4675882,bot
0,4,1753192277.467804,bot
1,2,1753192277.6703162,bot
0,2,1753192277.6706293,bot
1,6,1753192277.8727553,bot
0,6,1753192277.8733442,bot
1,5,1753192278.075949,bot
0,5,1753192278.0760767,bot
1,7,1753192278.2786012,bot
0,7,1753192278.2787597,bot
1,7,1753192278.4813018,bot
0,7,1753192278.481515,bot
1,8,1753192278.6839073,bot
0,8,1753192278.6840851,bot
1,2,1753192278.886652,bot
0,2,1753192278.8871417,bot
1,10,1753192279.0895076,bot
0,10,1753192279.0896976,bot
1,8,1753192279.292425,bot
0,8,1753192279.292585,bot
1,9,1753192279.4950771,bot
0,9,1753192279.495231,bot
1,7,1753192279.6976986,bot
0,7,1753192279.698014,bot
1,4,1753192279.900469,bot
0,4,1753192279.9006324,bot
1,2,1753192280.1031525,bot
0,2,1753192280.103313,bot
1,6,1753192280.3059428,bot
0,6,1753192280.3063736,bot
1,5,1753192280.508751,bot
0,5,1753192280.50931,bot
1,7,1753192280.7117598,bot
0,7,1753192280.711973,bot
1,7,1753192280.9145608,bot
0,7,1753192280.91471,bot
1,8,1753192281.1172562,bot
0,8,1753192281.1174326,bot
1,2,1753192281.319976,bot
0,2,1753192281.3201523,bot
1,10,1753192281.5227203,bot
0,10,1753192281.5228393,bot
1,8,1753192281.7251396,bot
0,8,1753192281.7252667,bot
1,9,1753192281.9278057,bot
0,9,1753192281.9279883,bot
1,7,1753192282.1305006,bot
0,7,1753192282.1307178,bot
1,4,1753192282.332817,bot
0,4,1753192282.3329363,bot
1,2,1753192282.5353065,bot
0,2,1753192282.5358546,bot
1,6,1753192282.7384388,bot
0,6,1753192282.7386117,bot
1,5,1753192282.94122,bot
0,5,1753192282.9413948,bot
1,7,1753192283.1438096,bot
0,7,1753192283.1440923,bot
1,7,1753192283.346636,bot
0,7,1753192283.3468509,bot
1,8,1753192283.5491376,bot
0,8,1753192283.5492637,bot
1,2,1753192283.751752,bot
0,2,1753192283.7518866,bot
1,10,1753192283.9542842,bot
0,10,1753192283.9544587,bot
1,8,1753192284.156754,bot
0,8,1753192284.1568823,bot
1,9,1753192284.3592591,bot
0,9,1753192284.3593855,bot
1,7,1753192284.5616064,bot
0,7,1753192284.5617642,bot
1,4,1753192284.7640653,bot
0,4,1753192284.7642028,bot
1,2,1753192284.966505,bot
0,2,1753192284.9666312,bot
1,6,1753192285.1689715,bot
0,6,1753192285.1690967,bot
1,5,1753192285.371466,bot
0,5,1753192285.3715923,bot
1,7,1753192285.5739267,bot
0,7,1753192285.574052,bot
1,7,1753192285.7764084,bot
0,7,1753192285.7765355,bot
1,8,1753192285.9789412,bot
0,8,1753192285.979078,bot
1,2,1753192286.1814892,bot
0,2,1753192286.1816328,bot
1,10,1753192286.3844109,bot
0,10,1753192286.384544,bot
1,8,1753192286.5865877,bot
0,8,1753192286.586751,bot
1,9,1753192286.789217,bot
0,9,1753192286.7893147,bot
1,7,1753192286.9915116,bot
0,7,1753192286.9916377,bot
1,4,1753192287.194219,bot
0,4,1753192287.1943183,bot
1,2,1753192287.3964903,bot
0,2,1753192287.3966155,bot
1,6,1753192287.5986922,bot
0,6,1753192287.5988436,bot
1,5,1753192287.8011513,bot
0,5,1753192287.8012772,bot
1,7,1753192288.0036385,bot
0,7,1753192288.003797,bot
1,7,1753192288.2062123,bot
0,7,1753192288.2063112,bot
1,8,1753192288.4084742,bot
0,8,1753192288.4086,bot
1,2,1753192288.6109846,bot
0,2,1753192288.6111307,bot
1,10,1753192288.813553,bot
0,10,1753192288.8137107,bot
1,8,1753192289.0157793,bot
0,8,1753192289.0159128,bot
1,9,1753192289.2183628,bot
0,9,1753192289.2184925,bot
1,7,1753192289.421285,bot
0,7,1753192289.421379,bot
1,4,1753192289.623521,bot
0,4,1753192289.6237094,bot
1,2,1753192289.8262146,bot
0,2,1753192289.8263075,bot
1,6,1753192290.0284753,bot
0,6,1753192290.0285993,bot
1,5,1753192290.2309265,bot
0,5,1753192290.2310524,bot
1,7,1753192290.433548,bot
0,7,1753192290.4337192,bot
1,7,1753192290.636009,bot
0,7,1753192290.636139,bot
1,8,1753192290.8388703,bot
0,8,1753192290.8389986,bot
1,2,1753192291.0413666,bot
0,2,1753192291.0414903,bot
1,10,1753192291.243867,bot
0,10,1753192291.2439947,bot
1,8,1753192291.446452,bot
0,8,1753192291.4465797,bot
1,9,1753192291.6486192,bot
0,9,1753192291.6488156,bot
1,7,1753192291.8514686,bot
0,7,1753192291.851577,bot
1,4,1753192292.0541344,bot
0,4,1753192292.054288,bot
1,2,1753192292.2567062,bot
0,2,1753192292.256913,bot
1,6,1753192292.459443,bot
0,6,1753192292.459595,bot
1,5,1753192292.662127,bot
0,5,1753192292.6622388,bot
1,7,1753192292.8648713,bot
0,7,1753192292.8650692,bot
1,7,1753192293.0674431,bot
0,7,1753192293.0676053,bot
1,8,1753192293.2701886,bot
0,8,1753192293.270811,bot
1,2,1753192293.473314,bot
0,2,1753192293.473472,bot
1,10,1753192293.6759834,bot
0,10,1753192293.6764712,bot
1,8,1753192293.8789294,bot
0,8,1753192293.8793817,bot
1,9,1753192294.081994,bot
0,9,1753192294.0822127,bot
1,7,1753192294.284485,bot
0,7,1753192294.2848787,bot
1,4,1753192294.4871411,bot
0,4,1753192294.487314,bot
1,2,1753192294.6896267,bot
0,2,1753192294.6901076,bot
1,6,1753192294.892737,bot
0,6,1753192294.8930483,bot
1,5,1753192295.0955925,bot
0,5,1753192295.0957515,bot
1,7,1753192295.2983506,bot
0,7,1753192295.2985168,bot
1,7,1753192295.5009336,bot
0,7,1753192295.5010862,bot
1,8,1753192295.7035673,bot
0,8,1753192295.7037592,bot
1,2,1753192295.906242,bot
0,2,1753192295.9064496,bot
1,10,1753192296.1089444,bot
0,10,1753192296.1092646,bot
1,8,1753192296.3119037,bot
0,8,1753192296.3120525,bot
1,9,1753192296.5145447,bot
0,9,1753192296.514651,bot
1,7,1753192296.717106,bot
0,7,1753192296.717241,bot
1,4,1753192296.9195328,bot
0,4,1753192296.9197211,bot
1,2,1753192297.1219728,bot
0,2,1753192297.1220744,bot
1,6,1753192297.324423,bot
0,6,1753192297.324571,bot
1,5,1753192297.5272243,bot
0,5,1753192297.5273798,bot
1,7,1753192297.7299569,bot
0,7,1753192297.730178,bot
1,7,1753192297.9325728,bot
0,7,1753192297.9327557,bot
1,8,1753192298.1351593,bot
0,8,1753192298.135313,bot
1,2,1753192298.3379183,bot
0,2,1753192298.3380334,bot
1,10,1753192298.5405786,bot
0,10,1753192298.540911,bot
1,8,1753192298.7434146,bot
0,8,1753192298.7438743,bot
1,9,1753192298.946452,bot
0,9,1753192298.9465957,bot
1,7,1753192299.1491015,bot
0,7,1753192299.1492555,bot
1,4,1753192299.3517623,bot
0,4,1753192299.351916,bot
1,2,1753192299.5542605,bot
0,2,1753192299.554417,bot
1,6,1753192299.7568502,bot
0,6,1753192299.756953,bot
1,5,1753192299.959531,bot
0,5,1753192299.959704,bot
1,7,1753192300.1619415,bot
0,7,1753192300.1620784,bot
1,7,1753192300.3644445,bot
0,7,1753192300.3646011,bot
1,8,1753192300.5672069,bot
0,8,1753192300.5676403,bot
1,2,1753192300.7701411,bot
0,2,1753192300.7702932,bot
1,10,1753192300.9725535,bot
0,10,1753192300.9727445,bot
1,8,1753192301.1754177,bot
0,8,1753192301.1759458,bot
1,9,1753192301.3785105,bot
0,9,1753192301.3787124,bot
1,7,1753192301.5813496,bot
0,7,1753192301.581468,bot
1,4,1753192301.7839117,bot
0,4,1753192301.7840483,bot
1,2,1753192301.9865336,bot
0,2,1753192301.9867103,bot
1,6,1753192302.189208,bot
0,6,1753192302.18934,bot
1,5,1753192302.3918853,bot
0,5,1753192302.3919845,bot
1,7,1753192302.5945375,bot
0,7,1753192302.5947323,bot
1,7,1753192302.7971306,bot
0,7,1753192302.7972822,bot
1,8,1753192302.9999328,bot
0,8,1753192303.000034,bot
1,2,1753192303.2025318,bot
0,2,1753192303.2027097,bot
1,10,1753192303.405149,bot
0,10,1753192303.405284,bot
1,8,1753192303.6077368,bot
0,8,1753192303.608153,bot
1,9,1753192303.8105884,bot
0,9,1753192303.8107307,bot
1,7,1753192304.0132573,bot
0,7,1753192304.013414,bot
1,4,1753192304.2153306,bot
0,4,1753192304.2159283,bot
1,2,1753192304.418428,bot
0,2,1753192304.4185803,bot
1,6,1753192304.6207,bot
0,6,1753192304.6209018,bot
1,5,1753192304.823405,bot
0,5,1753192304.8240638,bot
1,7,1753192305.0265892,bot
0,7,1753192305.0268226,bot
1,7,1753192305.2294197,bot
0,7,1753192305.2295403,bot
1,8,1753192305.4319065,bot
0,8,1753192305.4320304,bot
1,2,1753192305.634621,bot
0,2,1753192305.634827,bot
1,10,1753192305.837387,bot
0,10,1753192305.8377447,bot
1,8,1753192306.040207,bot
0,8,1753192306.0403314,bot
1,9,1753192306.2430382,bot
0,9,1753192306.243163,bot
1,7,1753192306.445686,bot
0,7,1753192306.4458067,bot
1,4,1753192306.6482506,bot
0,4,1753192306.6483784,bot
1,2,1753192306.850778,bot
0,2,1753192306.8509,bot
1,6,1753192307.053545,bot
0,6,1753192307.0537124,bot
1,5,1753192307.2559783,bot
0,5,1753192307.2561457,bot
1,7,1753192307.4584515,bot
0,7,1753192307.4585714,bot
1,7,1753192307.66108,bot
0,7,1753192307.6612058,bot
1,8,1753192307.8637652,bot
0,8,1753192307.8639123,bot
1,2,1753192308.0658937,bot
0,2,1753192308.0662234,bot
1,10,1753192308.2687843,bot
0,10,1753192308.269089,bot
1,8,1753192308.4717095,bot
0,8,1753192308.4718544,bot
1,9,1753192308.6742852,bot
0,9,1753192308.6745183,bot
1,7,1753192308.8771572,bot
0,7,1753192308.8773036,bot
1,4,1753192309.0798087,bot
0,4,1753192309.0799575,bot
1,2,1753192309.282235,bot
0,2,1753192309.282376,bot
1,6,1753192309.484846,bot
0,6,1753192309.4849932,bot
1,5,1753192309.6876976,bot
0,5,1753192309.6878295,bot
1,7,1753192309.8903463,bot
0,7,1753192309.8904912,bot
1,7,1753192310.0928605,bot
0,7,1753192310.0930378,bot
1,8,1753192310.2956266,bot
0,8,1753192310.2960374,bot
1,2,1753192310.4984157,bot
0,2,1753192310.498519,bot
1,10,1753192310.7008438,bot
0,10,1753192310.7011297,bot
1,8,1753192310.9037054,bot
0,8,1753192310.903963,bot
1,9,1753192311.106388,bot
0,9,1753192311.1065,bot
1,7,1753192311.309332,bot
0,7,1753192311.3095143,bot
1,4,1753192311.5119529,bot
0,4,1753192311.5120947,bot
1,2,1753192311.714408,bot
0,2,1753192311.7145798,bot
1,6,1753192311.9170716,bot
0,6,1753192311.917411,bot
1,5,1753192312.1200142,bot
0,5,1753192312.1204648,bot
1,7,1753192312.3228016,bot
0,7,1753192312.3229835,bot
1,7,1753192312.5254898,bot
0,7,1753192312.5257444,bot
1,8,1753192312.7282135,bot
0,8,1753192312.7283633,bot
1,2,1753192312.9309616,bot
0,2,1753192312.931101,bot
1,10,1753192313.1334434,bot
0,10,1753192313.133597,bot
1,8,1753192313.336072,bot
0,8,1753192313.3365777,bot
1,9,1753192313.5390668,bot
0,9,1753192313.539186,bot
1,7,1753192313.7416425,bot
0,7,1753192313.741784,bot
1,4,1753192313.9442737,bot
0,4,1753192313.9444044,bot
1,2,1753192314.146906,bot
0,2,1753192314.147043,bot
1,6,1753192314.3495831,bot
0,6,1753192314.349782,bot
1,5,1753192314.5522394,bot
0,5,1753192314.5527325,bot
1,7,1753192314.755286,bot
0,7,1753192314.7554407,bot
1,7,1753192314.9578636,bot
0,7,1753192314.9579904,bot
1,8,1753192315.160373,bot
0,8,1753192315.1604705,bot
1,2,1753192315.3621967,bot
0,2,1753192315.362366,bot
1,10,1753192315.5647106,bot
0,10,1753192315.564847,bot
1,8,1753192315.7671216,bot
0,8,1753192315.7672842,bot
1,9,1753192315.9694738,bot
0,9,1753192315.9696872,bot
1,7,1753192316.1714854,bot
0,7,1753192316.1716146,bot
1,4,1753192316.3737466,bot
0,4,1753192316.3739357,bot
1,2,1753192316.5759888,bot
0,2,1753192316.5761,bot
1,6,1753192316.7785003,bot
0,6,1753192316.7786174,bot
1,5,1753192316.9811769,bot
0,5,1753192316.9813266,bot
1,7,1753192317.1840563,bot
0,7,1753192317.1842704,bot
1,7,1753192317.38661,bot
0,7,1753192317.3868403,bot
1,8,1753192317.5889788,bot
0,8,1753192317.589157,bot
1,2,1753192317.7914915,bot
0,2,1753192317.791702,bot
1,10,1753192317.994066,bot
0,10,1753192317.9942408,bot
1,8,1753192318.1967027,bot
0,8,1753192318.1971624,bot
1,9,1753192318.3994162,bot
0,9,1753192318.3998897,bot
1,7,1753192318.6022992,bot
0,7,1753192318.6026478,bot
1,4,1753192318.8052464,bot
0,4,1753192318.8054092,bot
1,2,1753192319.0079973,bot
0,2,1753192319.0081618,bot
1,6,1753192319.2106495,bot
0,6,1753192319.210825,bot
1,5,1753192319.413501,bot
0,5,1753192319.413646,bot
1,7,1753192319.6161811,bot
0,7,1753192319.6163602,bot
1,7,1753192319.8186111,bot
0,7,1753192319.8189716,bot
1,8,1753192320.0217,bot
0,8,1753192320.021888,bot
1,2,1753192320.224195,bot
0,2,1753192320.224362,bot
1,10,1753192320.426633,bot
0,10,1753192320.427021,bot
1,8,1753192320.629766,bot
0,8,1753192320.629899,bot
1,9,1753192320.832158,bot
0,9,1753192320.8325627,bot
1,7,1753192321.0348468,bot
0,7,1753192321.0349934,bot
1,4,1753192321.2374814,bot
0,4,1753192321.237631,bot
1,2,1753192321.4403832,bot
0,2,1753192321.4407763,bot
1,6,1753192321.6433704,bot
0,6,1753192321.6435091,bot
1,5,1753192321.846142,bot
0,5,1753192321.8463328,bot
1,7,1753192322.0484352,bot
0,7,1753192322.0485303,bot
1,7,1753192322.2510705,bot
0,7,1753192322.251233,bot
1,8,1753192322.453763,bot
0,8,1753192322.453895,bot
1,2,1753192322.6564462,bot
0,2,1753192322.6565957,bot
1,10,1753192322.859048,bot
0,10,1753192322.8591435,bot
1,8,1753192323.0617526,bot
0,8,1753192323.061887,bot
1,9,1753192323.2645302,bot
0,9,1753192323.264696,bot
1,7,1753192323.4675512,bot
0,7,1753192323.467713,bot
1,4,1753192323.67006,bot
0,4,1753192323.6705265,bot
1,2,1753192323.8729951,bot
0,2,1753192323.8733366,bot
1,6,1753192324.0758915,bot
0,6,1753192324.0760238,bot
1,5,1753192324.278592,bot
0,5,1753192324.2787318,bot
1,7,1753192324.4811246,bot
0,7,1753192324.4812195,bot
1,7,1753192324.6837487,bot
0,7,1753192324.6842096,bot
1,8,1753192324.8865762,bot
0,8,1753192324.886741,bot
1,2,1753192325.0892105,bot
0,2,1753192325.0894058,bot
1,10,1753192325.2919471,bot
0,10,1753192325.2921083,bot
1,8,1753192325.4945586,bot
0,8,1753192325.4947724,bot
1,9,1753192325.6970737,bot
0,9,1753192325.697234,bot
1,7,1753192325.8997526,bot
0,7,1753192325.8998508,bot
1,4,1753192326.1024473,bot
0,4,1753192326.1025789,bot
1,2,1753192326.3051708,bot
0,2,1753192326.3053002,bot
1,6,1753192326.5077655,bot
0,6,1753192326.5078988,bot
1,5,1753192326.7104857,bot
0,5,1753192326.7106173,bot
1,7,1753192326.9131982,bot
0,7,1753192326.9133308,bot
1,7,1753192327.1155846,bot
0,7,1753192327.115719,bot
1,8,1753192327.317824,bot
0,8,1753192327.3179562,bot
1,2,1753192327.520459,bot
0,2,1753192327.520855,bot
1,10,1753192327.723375,bot
0,10,1753192327.7235415,bot
1,8,1753192327.9259405,bot
0,8,1753192327.9260678,bot
1,9,1753192328.1282742,bot
0,9,1753192328.1284003,bot
1,7,1753192328.3308165,bot
0,7,1753192328.3309872,bot
1,4,1753192328.5334125,bot
0,4,1753192328.5335882,bot
1,2,1753192328.735776,bot
0,2,1753192328.7359042,bot
1,6,1753192328.9384215,bot
0,6,1753192328.9385934,bot
1,5,1753192329.1411438,bot
0,5,1753192329.1413243,bot
1,7,1753192329.3437085,bot
0,7,1753192329.3438382,bot
1,7,1753192329.546189,bot
0,7,1753192329.5463428,bot
1,8,1753192329.7484078,bot
0,8,1753192329.7485676,bot
1,2,1753192329.9508564,bot
0,2,1753192329.9509804,bot
1,10,1753192330.1533532,bot
0,10,1753192330.153478,bot
1,8,1753192330.355456,bot
0,8,1753192330.3555846,bot
1,9,1753192330.5576122,bot
0,9,1753192330.5577674,bot
1,7,1753192330.7602105,bot
0,7,1753192330.760853,bot
1,4,1753192330.963445,bot
0,4,1753192330.9635985,bot
1,2,1753192331.1662743,bot
0,2,1753192331.166471,bot
1,6,1753192331.368977,bot
0,6,1753192331.3694444,bot
1,5,1753192331.5719326,bot
0,5,1753192331.572077,bot
1,7,1753192331.7746024,bot
0,7,1753192331.7747912,bot
1,7,1753192331.9772437,bot
0,7,1753192331.977377,bot
1,8,1753192332.1799312,bot
0,8,1753192332.180061,bot
1,2,1753192332.3825693,bot
0,2,1753192332.382968,bot
1,10,1753192332.585417,bot
0,10,1753192332.585915,bot
1,8,1753192332.7884333,bot
0,8,1753192332.7885664,bot
1,9,1753192332.9910648,bot
0,9,1753192332.9911957,bot
1,7,1753192333.193745,bot
0,7,1753192333.1938634,bot
1,4,1753192333.3964186,bot
0,4,1753192333.3965786,bot
1,2,1753192333.598957,bot
0,2,1753192333.59912,bot
1,6,1753192333.801571,bot
0,6,1753192333.801808,bot
1,5,1753192334.0044448,bot
0,5,1753192334.0046072,bot
1,7,1753192334.207012,bot
0,7,1753192334.2075412,bot
1,7,1753192334.4100854,bot
0,7,1753192334.4102252,bot
1,8,1753192334.6126857,bot
0,8,1753192334.61281,bot
1,2,1753192334.8147364,bot
0,2,1753192334.8149898,bot
1,10,1753192335.0171618,bot
0,10,1753192335.017334,bot
1,8,1753192335.2197144,bot
0,8,1753192335.2198482,bot
1,9,1753192335.422016,bot
0,9,1753192335.422159,bot
1,7,1753192335.6245005,bot
0,7,1753192335.62463,bot
1,4,1753192335.82697,bot
0,4,1753192335.8270893,bot
1,2,1753192336.029454,bot
0,2,1753192336.029627,bot
1,6,1753192336.2316847,bot
0,6,1753192336.23182,bot
1,5,1753192336.434054,bot
0,5,1753192336.4342394,bot
1,7,1753192336.636543,bot
0,7,1753192336.6367602,bot
1,7,1753192336.8388276,bot
0,7,1753192336.839013,bot
1,8,1753192337.041082,bot
0,8,1753192337.0412617,bot
1,2,1753192337.243538,bot
0,2,1753192337.2437012,bot
1,10,1753192337.4460566,bot
0,10,1753192337.4462414,bot
1,8,1753192337.6482356,bot
0,8,1753192337.6484258,bot
1,9,1753192337.8507147,bot
0,9,1753192337.8509424,bot
1,7,1753192338.0531871,bot
0,7,1753192338.0533648,bot
1,4,1753192338.255219,bot
0,4,1753192338.255338,bot
1,2,1753192338.4577737,bot
0,2,1753192338.457971,bot
1,6,1753192338.660426,bot
0,6,1753192338.6605532,bot
1,5,1753192338.862641,bot
0,5,1753192338.862823,bot
1,7,1753192339.0652556,bot
0,7,1753192339.065815,bot
1,7,1753192339.2681394,bot
0,7,1753192339.268325,bot
1,8,1753192339.4707663,bot
0,8,1753192339.470955,bot
1,2,1753192339.6729307,bot
0,2,1753192339.6731071,bot
1,10,1753192339.87549,bot
0,10,1753192339.8756547,bot
1,8,1753192340.0779843,bot
0,8,1753192340.078169,bot
1,9,1753192340.280515,bot
0,9,1753192340.280651,bot
1,7,1753192340.4828002,bot
0,7,1753192340.482933,bot
1,4,1753192340.68529,bot
0,4,1753192340.685471,bot
1,2,1753192340.8878613,bot
0,2,1753192340.8880336,bot
1,6,1753192341.0903497,bot
0,6,1753192341.0905726,bot
1,5,1753192341.2928543,bot
0,5,1753192341.2930286,bot
1,7,1753192341.4953709,bot
0,7,1753192341.49554,bot
1,7,1753192341.69775,bot
0,7,1753192341.6979425,bot
1,8,1753192341.9001982,bot
0,8,1753192341.900369,bot
1,2,1753192342.1027868,bot
0,2,1753192342.102977,bot
1,10,1753192342.3052237,bot
0,10,1753192342.3053997,bot
1,8,1753192342.5075457,bot
0,8,1753192342.5077286,bot
1,9,1753192342.7100234,bot
0,9,1753192342.710169,bot
1,7,1753192342.9127154,bot
0,7,1753192342.9129114,bot
1,4,1753192343.11507,bot
0,4,1753192343.1151977,bot
1,2,1753192343.3178327,bot
0,2,1753192343.3181846,bot
1,6,1753192343.520778,bot
0,6,1753192343.5209754,bot
1,5,1753192343.723503,bot
0,5,1753192343.723729,bot
1,7,1753192343.926109,bot
0,7,1753192343.9265544,bot
1,7,1753192344.129312,bot
0,7,1753192344.1294336,bot
1,8,1753192344.331546,bot
0,8,1753192344.3319275,bot
1,2,1753192344.534545,bot
0,2,1753192344.5347078,bot
1,10,1753192344.7371757,bot
0,10,1753192344.737302,bot
1,8,1753192344.939805,bot
0,8,1753192344.9400687,bot
1,9,1753192345.1427262,bot
0,9,1753192345.1429207,bot
1,7,1753192345.345363,bot
0,7,1753192345.3454826,bot
1,4,1753192345.5480635,bot
0,4,1753192345.5482416,bot
1,2,1753192345.7505288,bot
0,2,1753192345.7506864,bot
1,6,1753192345.9532757,bot
0,6,1753192345.95355,bot
1,5,1753192346.1557186,bot
0,5,1753192346.156036,bot
1,7,1753192346.3585727,bot
0,7,1753192346.358798,bot
1,7,1753192346.5610883,bot
0,7,1753192346.5612671,bot
1,8,1753192346.76396,bot
0,8,1753192346.7640812,bot
1,2,1753192346.9665534,bot
0,2,1753192346.966772,bot
1,10,1753192347.1691043,bot
0,10,1753192347.1692812,bot
1,8,1753192347.3717487,bot
0,8,1753192347.3721309,bot
1,9,1753192347.5746186,bot
0,9,1753192347.5750368,bot
1,7,1753192347.777743,bot
0,7,1753192347.7778895,bot
1,4,1753192347.980314,bot
0,4,1753192347.9804368,bot
1,2,1753192348.1829426,bot
0,2,1753192348.1831243,bot
1,6,1753192348.3855238,bot
0,6,1753192348.385743,bot
1,5,1753192348.588128,bot
0,5,1753192348.588307,bot
1,7,1753192348.79082,bot
0,7,1753192348.791003,bot
1,7,1753192348.9933927,bot
0,7,1753192348.9935262,bot
1,8,1753192349.1960948,bot
0,8,1753192349.196316,bot
1,2,1753192349.398331,bot
0,2,1753192349.398454,bot
1,10,1753192349.6009803,bot
0,10,1753192349.6013396,bot
1,8,1753192349.8038812,bot
0,8,1753192349.8040695,bot
1,9,1753192350.0064657,bot
0,9,1753192350.006652,bot
1,7,1753192350.2088747,bot
0,7,1753192350.209056,bot
1,4,1753192350.411616,bot
0,4,1753192350.4120548,bot
1,2,1753192350.6143382,bot
0,2,1753192350.614465,bot
1,6,1753192350.8165624,bot
0,6,1753192350.8167164,bot
1,5,1753192351.01905,bot
0,5,1753192351.019179,bot
1,7,1753192351.221519,bot
0,7,1753192351.2216425,bot
1,7,1753192351.4239662,bot
0,7,1753192351.4241412,bot
1,8,1753192351.6261368,bot
0,8,1753192351.626309,bot
1,2,1753192351.828694,bot
0,2,1753192351.8292055,bot
1,10,1753192352.0312574,bot
0,10,1753192352.0314004,bot
1,8,1753192352.2337742,bot
0,8,1753192352.2339463,bot
1,9,1753192352.4362714,bot
0,9,1753192352.4365263,bot
1,7,1753192352.6389892,bot
0,7,1753192352.6393862,bot
1,4,1753192352.8419447,bot
0,4,1753192352.842317,bot
1,2,1753192353.0449224,bot
0,2,1753192353.0450788,bot
1,6,1753192353.2475498,bot
0,6,1753192353.2477584,bot
1,5,1753192353.450117,bot
0,5,1753192353.4502733,bot
1,7,1753192353.6526413,bot
0,7,1753192353.6530652,bot
1,7,1753192353.855374,bot
0,7,1753192353.8555143,bot
1,8,1753192354.0578916,bot
0,8,1753192354.058052,bot
1,2,1753192354.2604778,bot
0,2,1753192354.2606387,bot
1,10,1753192354.4631376,bot
0,10,1753192354.4632792,bot
1,8,1753192354.66564,bot
0,8,1753192354.6660488,bot
1,9,1753192354.868601,bot
0,9,1753192354.8687968,bot
1,7,1753192355.0708995,bot
0,7,1753192355.0710864,bot
1,4,1753192355.2729614,bot
0,4,1753192355.2731342,bot
1,2,1753192355.475347,bot
0,2,1753192355.4754744,bot
1,6,1753192355.67775,bot
0,6,1753192355.6779554,bot
1,5,1753192355.8803396,bot
0,5,1753192355.8804424,bot
1,7,1753192356.0831857,bot
0,7,1753192356.08337,bot
1,7,1753192356.2858212,bot
0,7,1753192356.2861545,bot
1,8,1753192356.488448,bot
0,8,1753192356.4887345,bot
1,2,1753192356.69127,bot
0,2,1753192356.6914997,bot
1,10,1753192356.8942463,bot
0,10,1753192356.89439,bot
1,8,1753192357.097041,bot
0,8,1753192357.0972865,bot
1,9,1753192357.2995684,bot
0,9,1753192357.2997856,bot
1,7,1753192357.5015943,bot
0,7,1753192357.5017798,bot
1,4,1753192357.7034383,bot
0,4,1753192357.7035687,bot
1,2,1753192357.9061882,bot
0,2,1753192357.9063308,bot
1,6,1753192358.108701,bot
0,6,1753192358.1092634,bot
1,5,1753192358.311762,bot
0,5,1753192358.3121502,bot
1,7,1753192358.5145657,bot
0,7,1753192358.5147731,bot
1,7,1753192358.7171338,bot
0,7,1753192358.7172377,bot
1,8,1753192358.9197724,bot
0,8,1753192358.920122,bot
1,2,1753192359.1226523,bot
0,2,1753192359.1232457,bot
1,10,1753192359.325987,bot
0,10,1753192359.3261347,bot
1,8,1753192359.528523,bot
0,8,1753192359.5290108,bot
1,9,1753192359.7312994,bot
0,9,1753192359.731479,bot
1,7,1753192359.9337456,bot
0,7,1753192359.9338772,bot
1,4,1753192360.136535,bot
0,4,1753192360.1366398,bot
1,2,1753192360.3389046,bot
0,2,1753192360.3390286,bot
1,6,1753192360.541422,bot
0,6,1753192360.5415242,bot
1,5,1753192360.7442398,bot
0,5,1753192360.7443686,bot
1,7,1753192360.9460146,bot
0,7,1753192360.946146,bot
1,7,1753192361.1478138,bot
0,7,1753192361.1479464,bot
1,8,1753192361.349767,bot
0,8,1753192361.3499055,bot
1,2,1753192361.5520415,bot
0,2,1753192361.5521743,bot
1,10,1753192361.754591,bot
0,10,1753192361.7547529,bot
1,8,1753192361.9570131,bot
0,8,1753192361.9571457,bot
1,9,1753192362.1594653,bot
0,9,1753192362.1595542,bot
1,7,1753192362.361936,bot
0,7,1753192362.3620636,bot
1,4,1753192362.5642743,bot
0,4,1753192362.5643797,bot
1,2,1753192362.7667415,bot
0,2,1753192362.7671728,bot
1,6,1753192362.9695048,bot
0,6,1753192362.9696298,bot
1,5,1753192363.171796,bot
0,5,1753192363.1719232,bot
1,7,1753192363.3742888,bot
0,7,1753192363.374412,bot
1,7,1753192363.576789,bot
0,7,1753192363.5769544,bot
1,8,1753192363.7792933,bot
0,8,1753192363.7793884,bot
1,2,1753192363.9811604,bot
0,2,1753192363.981266,bot
1,10,1753192364.1838295,bot
0,10,1753192364.18397,bot
1,8,1753192364.3864388,bot
0,8,1753192364.3865886,bot
1,9,1753192364.5891647,bot
0,9,1753192364.5898037,bot
1,7,1753192364.792189,bot
0,7,1753192364.792342,bot
1,4,1753192364.994698,bot
0,4,1753192364.9948297,bot
1,2,1753192365.1972198,bot
0,2,1753192365.1973283,bot
1,6,1753192365.3997333,bot
0,6,1753192365.3998282,bot
1,5,1753192365.6021645,bot
0,5,1753192365.602292,bot
1,7,1753192365.80451,bot
0,7,1753192365.8046358,bot
1,7,1753192366.006947,bot
0,7,1753192366.0071106,bot
1,8,1753192366.209416,bot
0,8,1753192366.209543,bot
1,2,1753192366.4118495,bot
0,2,1753192366.4119775,bot
1,10,1753192366.6140108,bot
0,10,1753192366.614174,bot
1,8,1753192366.8164432,bot
0,8,1753192366.8165646,bot
1,9,1753192367.0190024,bot
0,9,1753192367.019183,bot
1,7,1753192367.2214606,bot
0,7,1753192367.2215967,bot
1,4,1753192367.4238665,bot
0,4,1753192367.4240046,bot
1,2,1753192367.62625,bot
0,2,1753192367.626386,bot
1,6,1753192367.8288789,bot
0,6,1753192367.8289766,bot
1,5,1753192368.030724,bot
0,5,1753192368.030872,bot
1,7,1753192368.2327404,bot
0,7,1753192368.232896,bot
1,7,1753192368.435455,bot
0,7,1753192368.4356349,bot
1,8,1753192368.6381118,bot
0,8,1753192368.638266,bot
1,2,1753192368.8407214,bot
0,2,1753192368.841017,bot
1,10,1753192369.0433123,bot
0,10,1753192369.0434768,bot
1,8,1753192369.246093,bot
0,8,1753192369.2462084,bot
1,9,1753192369.4487145,bot
0,9,1753192369.4488416,bot
1,7,1753192369.6510642,bot
0,7,1753192369.651188,bot
1,4,1753192369.8537395,bot
0,4,1753192369.8538692,bot
1,2,1753192370.0564718,bot
0,2,1753192370.0567062,bot
1,6,1753192370.2590864,bot
0,6,1753192370.2592058,bot
1,5,1753192370.4617412,bot
0,5,1753192370.4618642,bot
1,7,1753192370.664235,bot
0,7,1753192370.6644037,bot
1,7,1753192370.8668196,bot
0,7,1753192370.8669963,bot
1,8,1753192371.0696049,bot
0,8,1753192371.0697515,bot
1,2,1753192371.272296,bot
0,2,1753192371.2724698,bot
1,10,1753192371.4749455,bot
0,10,1753192371.4750886,bot
1,8,1753192371.6776302,bot
0,8,1753192371.6777885,bot
1,9,1753192371.8803637,bot
0,9,1753192371.8804872,bot
1,7,1753192372.0830736,bot
0,7,1753192372.0833075,bot
1,4,1753192372.2859366,bot
0,4,1753192372.2860515,bot
1,2,1753192372.4883308,bot
0,2,1753192372.48845,bot
1,6,1753192372.690831,bot
0,6,1753192372.6909518,bot
1,5,1753192372.8932788,bot
0,5,1753192372.893403,bot
1,7,1753192373.0958743,bot
0,7,1753192373.0959983,bot
1,7,1753192373.2980876,bot
0,7,1753192373.2982378,bot
1,8,1753192373.5004382,bot
0,8,1753192373.500552,bot
1,2,1753192373.7030623,bot
0,2,1753192373.7031798,bot
1,10,1753192373.9055383,bot
0,10,1753192373.9057567,bot
1,8,1753192374.1083453,bot
0,8,1753192374.108493,bot
1,9,1753192374.3111007,bot
0,9,1753192374.3112664,bot
1,7,1753192374.5137768,bot
0,7,1753192374.5140471,bot
1,4,1753192374.7164078,bot
0,4,1753192374.7165608,bot
1,2,1753192374.9194083,bot
0,2,1753192374.9195926,bot
1,6,1753192375.1223714,bot
0,6,1753192375.1230671,bot
1,5,1753192375.3257935,bot
0,5,1753192375.3259234,bot
1,7,1753192375.5284896,bot
0,7,1753192375.5287104,bot
1,7,1753192375.730991,bot
0,7,1753192375.7312434,bot
1,8,1753192375.9334674,bot
0,8,1753192375.9336486,bot
1,2,1753192376.1359537,bot
0,2,1753192376.1361213,bot
1,10,1753192376.3382971,bot
0,10,1753192376.338473,bot
1,8,1753192376.5409114,bot
0,8,1753192376.5410922,bot
1,9,1753192376.7434497,bot
0,9,1753192376.7435708,bot
1,7,1753192376.9462972,bot
0,7,1753192376.9463885,bot
1,4,1753192377.1481235,bot
0,4,1753192377.1483166,bot
1,2,1753192377.3505554,bot
0,2,1753192377.350717,bot
1,6,1753192377.553011,bot
0,6,1753192377.5531328,bot
1,5,1753192377.7553291,bot
0,5,1753192377.755502,bot
1,7,1753192377.9577928,bot
0,7,1753192377.957982,bot
1,7,1753192378.1600626,bot
0,7,1753192378.1603,bot
1,8,1753192378.3625326,bot
0,8,1753192378.3626957,bot
1,2,1753192378.5648491,bot
0,2,1753192378.5649843,bot
1,10,1753192378.7673368,bot
0,10,1753192378.7674687,bot
1,8,1753192378.969869,bot
0,8,1753192378.970087,bot
1,9,1753192379.1722662,bot
0,9,1753192379.17239,bot
1,7,1753192379.3748004,bot
0,7,1753192379.3749745,bot
1,4,1753192379.5771203,bot
0,4,1753192379.577296,bot
1,2,1753192379.7794678,bot
0,2,1753192379.7796493,bot
1,6,1753192379.9818137,bot
0,6,1753192379.9819915,bot
1,5,1753192380.1843145,bot
0,5,1753192380.1844854,bot
1,7,1753192380.3868444,bot
0,7,1753192380.38702,bot
1,7,1753192380.5892549,bot
0,7,1753192380.5893726,bot
1,8,1753192380.7918084,bot
0,8,1753192380.791983,bot
1,2,1753192380.9942908,bot
0,2,1753192380.9944618,bot
1,10,1753192381.1968532,bot
0,10,1753192381.1970215,bot
1,8,1753192381.3993597,bot
0,8,1753192381.3994913,bot
1,9,1753192381.601458,bot
0,9,1753192381.6015828,bot
1,7,1753192381.8039742,bot
0,7,1753192381.804149,bot
1,4,1753192382.0064862,bot
0,4,1753192382.0066156,bot
1,2,1753192382.208953,bot
0,2,1753192382.2090745,bot
1,6,1753192382.4115508,bot
0,6,1753192382.411762,bot
1,5,1753192382.614017,bot
0,5,1753192382.6142106,bot
1,7,1753192382.816467,bot
0,7,1753192382.8166366,bot
1,7,1753192383.0189967,bot
0,7,1753192383.0191703,bot
1,8,1753192383.2214391,bot
0,8,1753192383.2216432,bot
1,2,1753192383.4239063,bot
0,2,1753192383.424077,bot
1,10,1753192383.626649,bot
0,10,1753192383.6268756,bot
1,8,1753192383.8292284,bot
0,8,1753192383.8293574,bot
1,9,1753192384.0311563,bot
0,9,1753192384.0316267,bot
1,7,1753192384.2340436,bot
0,7,1753192384.2344525,bot
1,4,1753192384.4369762,bot
0,4,1753192384.4371026,bot
1,2,1753192384.639603,bot
0,2,1753192384.6397643,bot
1,6,1753192384.8422418,bot
0,6,1753192384.842704,bot
1,5,1753192385.0452447,bot
0,5,1753192385.0453694,bot
1,7,1753192385.247634,bot
0,7,1753192385.2477958,bot
1,7,1753192385.4503477,bot
0,7,1753192385.4508555,bot
1,8,1753192385.6534653,bot
0,8,1753192385.653592,bot
1,2,1753192385.8561678,bot
0,2,1753192385.8562932,bot
1,10,1753192386.058885,bot
0,10,1753192386.0590124,bot
1,8,1753192386.2616322,bot
0,8,1753192386.261857,bot
1,9,1753192386.4644525,bot
0,9,1753192386.464903,bot
1,7,1753192386.667444,bot
0,7,1753192386.6675742,bot
1,4,1753192386.870057,bot
0,4,1753192386.870242,bot
1,2,1753192387.072528,bot
0,2,1753192387.0727365,bot
1,6,1753192387.274992,bot
0,6,1753192387.2751591,bot
1,5,1753192387.4775224,bot
0,5,1753192387.477737,bot
1,7,1753192387.6800566,bot
0,7,1753192387.6802382,bot
1,7,1753192387.882637,bot
0,7,1753192387.8828242,bot
1,8,1753192388.0851855,bot
0,8,1753192388.085316,bot
1,2,1753192388.287646,bot
0,2,1753192388.2877977,bot
1,10,1753192388.4900925,bot
0,10,1753192388.4902723,bot
1,8,1753192388.6924822,bot
0,8,1753192388.6926062,bot
1,9,1753192388.8949585,bot
0,9,1753192388.8951328,bot
1,7,1753192389.0973136,bot
0,7,1753192389.0974886,bot
1,4,1753192389.2998338,bot
0,4,1753192389.3000264,bot
1,2,1753192389.5023005,bot
0,2,1753192389.5024724,bot
1,6,1753192389.704796,bot
0,6,1753192389.7049484,bot
1,5,1753192389.9076252,bot
0,5,1753192389.9078035,bot
1,7,1753192390.1103191,bot
0,7,1753192390.110786,bot
1,7,1753192390.31328,bot
0,7,1753192390.3134503,bot
1,8,1753192390.515948,bot
0,8,1753192390.51607,bot
1,2,1753192390.718466,bot
0,2,1753192390.718588,bot
1,10,1753192390.9211988,bot
0,10,1753192390.9213748,bot
1,8,1753192391.1238823,bot
0,8,1753192391.1240485,bot
1,9,1753192391.3266263,bot
0,9,1753192391.3268418,bot
1,7,1753192391.5293982,bot
0,7,1753192391.5295763,bot
1,4,1753192391.7321415,bot
0,4,1753192391.732268,bot
1,2,1753192391.934844,bot
0,2,1753192391.9350543,bot
1,6,1753192392.1376047,bot
0,6,1753192392.1378207,bot
1,5,1753192392.3404453,bot
0,5,1753192392.3407836,bot
1,7,1753192392.5428324,bot
0,7,1753192392.5433316,bot
1,7,1753192392.7458787,bot
0,7,1753192392.746059,bot
1,8,1753192392.948558,bot
0,8,1753192392.9486508,bot
1,2,1753192393.1511652,bot
0,2,1753192393.1512983,bot
1,10,1753192393.353946,bot
0,10,1753192393.3541026,bot
1,8,1753192393.5566423,bot
0,8,1753192393.5568564,bot
1,9,1753192393.7594812,bot
0,9,1753192393.7596202,bot
1,7,1753192393.962191,bot
0,7,1753192393.9623508,bot
1,4,1753192394.164525,bot
0,4,1753192394.1647234,bot
1,2,1753192394.3673837,bot
0,2,1753192394.3677957,bot
1,6,1753192394.5704656,bot
0,6,1753192394.5706036,bot
1,5,1753192394.7735767,bot
0,5,1753192394.7737608,bot
1,7,1753192394.97607,bot
0,7,1753192394.9762273,bot
1,7,1753192395.1787708,bot
0,7,1753192395.1788907,bot
1,8,1753192395.380896,bot
0,8,1753192395.3810108,bot
1,2,1753192395.5834985,bot
0,2,1753192395.5836542,bot
1,10,1753192395.7863672,bot
0,10,1753192395.7865567,bot
1,8,1753192395.9889345,bot
0,8,1753192395.989263,bot
1,9,1753192396.1917632,bot
0,9,1753192396.1919682,bot
1,7,1753192396.3945916,bot
0,7,1753192396.394769,bot
1,4,1753192396.5969422,bot
0,4,1753192396.5971172,bot
1,2,1753192396.7995722,bot
0,2,1753192396.8000777,bot
1,6,1753192397.002612,bot
0,6,1753192397.003163,bot
1,5,1753192397.205611,bot
0,5,1753192397.2057712,bot
1,7,1753192397.4082663,bot
0,7,1753192397.4088006,bot
1,7,1753192397.611057,bot
0,7,1753192397.6111925,bot
1,8,1753192397.813287,bot
0,8,1753192397.8134189,bot
1,2,1753192398.0160606,bot
0,2,1753192398.0163016,bot
1,10,1753192398.2188077,bot
0,10,1753192398.2189577,bot
1,8,1753192398.4213977,bot
0,8,1753192398.4218554,bot
1,9,1753192398.6245377,bot
0,9,1753192398.6247222,bot
1,7,1753192398.827223,bot
0,7,1753192398.8273768,bot
1,4,1753192399.0297935,bot
0,4,1753192399.029981,bot
1,2,1753192399.2320237,bot
0,2,1753192399.2321258,bot
1,6,1753192399.4346244,bot
0,6,1753192399.434951,bot
1,5,1753192399.6374855,bot
0,5,1753192399.6375935,bot
1,7,1753192399.8401356,bot
0,7,1753192399.840287,bot
1,7,1753192400.0427608,bot
0,7,1753192400.042916,bot
1,8,1753192400.2454455,bot
0,8,1753192400.245558,bot
1,2,1753192400.4481184,bot
0,2,1753192400.4482396,bot
1,10,1753192400.650757,bot
0,10,1753192400.650905,bot
1,8,1753192400.8532054,bot
0,8,1753192400.8533535,bot
1,9,1753192401.0557678,bot
0,9,1753192401.0559547,bot
1,7,1753192401.25851,bot
0,7,1753192401.258727,bot
1,4,1753192401.4612134,bot
0,4,1753192401.4617534,bot
1,2,1753192401.6639104,bot
0,2,1753192401.6643848,bot
1,6,1753192401.8668222,bot
0,6,1753192401.8669803,bot
1,5,1753192402.069526,bot
0,5,1753192402.069743,bot
1,7,1753192402.2724931,bot
0,7,1753192402.2726536,bot
1,7,1753192402.4751778,bot
0,7,1753192402.4753337,bot
1,8,1753192402.6778624,bot
0,8,1753192402.678043,bot
1,2,1753192402.8807347,bot
0,2,1753192402.880837,bot
1,10,1753192403.083235,bot
0,10,1753192403.0834117,bot
1,8,1753192403.2859194,bot
0,8,1753192403.2860477,bot
1,9,1753192403.4885116,bot
0,9,1753192403.4887288,bot
1,7,1753192403.6912324,bot
0,7,1753192403.6915667,bot
1,4,1753192403.8941374,bot
0,4,1753192403.8943088,bot
1,2,1753192404.0967982,bot
0,2,1753192404.0969777,bot
1,6,1753192404.2991438,bot
0,6,1753192404.2992806,bot
1,5,1753192404.501497,bot
0,5,1753192404.5016315,bot
1,7,1753192404.7040226,bot
0,7,1753192404.7041974,bot
1,7,1753192404.9063563,bot
0,7,1753192404.9064977,bot
1,8,1753192405.1088867,bot
0,8,1753192405.1090238,bot
